id,sex,importance_animal_rights
1,Male,4
2,Male,7
3,Female,4
4,Male,1
5,Male,6
6,Male,7
7,Female,7
8,Male,4
9,Female,4
10,Female,7
11,Male,7
12,Female,5
13,Female,5
14,Male,6
15,Male,1
16,Male,6
17,Male,3
18,Male,5
19,Female,4
20,Female,6
21,Male,4
22,Male,6
23,Female,4
24,Female,5
25,Male,5
26,Female,6
27,Male,6
28,Male,4
29,Male,4
30,Female,7
31,Male,6
32,Female,3
33,Female,5
34,Male,6
35,Male,5
36,Male,5
37,Male,5
38,Male,3
39,Female,6
40,Female,6
41,Female,2
42,Female,7
43,Female,4
44,Female,4
45,Male,1
46,Female,6
47,Male,6
48,Male,6
49,Male,6
50,Female,6
51,Female,7
52,Male,3
53,Female,3
54,Female,6
55,Male,5
56,Female,5
57,Male,7
58,Male,4
59,Female,6
60,Female,5
61,Female,5
62,Female,6
63,Male,4
64,Female,2
65,Female,6
66,Female,4
67,Female,7
68,Female,5
69,Male,3
70,Male,5
71,Male,2
72,Male,5
73,Female,7
74,Female,7
75,Female,7
76,Male,6
77,Female,5
78,Female,1
79,Male,3
80,Female,4
81,Female,5
82,Female,6
83,Male,4
84,Male,1
85,Female,3
86,Female,6
87,Female,7
88,Male,6
89,Male,6
90,Male,1
91,Male,6
92,Male,6
93,Male,1
94,Female,6
95,Male,3
96,Female,6
97,Male,5
98,Female,2
99,Male,4
100,Female,4
101,Male,5
102,Female,4
103,Male,7
104,Male,5
105,Female,3
106,Female,7
107,Female,5
108,Female,5
109,Female,6
110,Female,4
111,Male,3
112,Female,5
113,Male,5
114,Female,5
115,Female,4
116,Female,6
117,Female,4
118,Female,7
119,Female,6
120,Female,5
121,Male,5
122,Male,4
123,Female,7
124,Female,5
125,Male,5
126,Female,6
127,Male,4
128,Female,5
129,Male,3
130,Female,4
131,Female,6
132,Female,4
133,Male,7
134,Male,6
135,Female,7
136,Female,1
137,Female,3
138,Female,7
139,Female,6
140,Female,4
141,Female,4
142,Female,6
143,Male,1
144,Male,7
145,Female,6
146,Female,7
147,Female,1
148,Female,6
149,Male,6
150,Female,6
151,Female,7
152,Male,7
153,Male,5
154,Female,6
155,Female,6
156,Female,7
157,Male,4
158,Male,6
159,Male,4
160,Female,2
161,Male,6
162,Female,5
163,Female,7
164,Female,3
165,Female,5
166,Female,5
167,Male,3
168,Male,3
169,Female,7
170,Female,5
171,Male,4
172,Female,4
173,Male,7
174,Female,6
175,Female,5
176,Female,5
177,Female,6
178,Female,6
179,Male,6
180,Male,6
181,Female,5
182,Male,4
183,Male,6
184,Male,6
185,Male,7
186,Male,7
187,Male,4
188,Male,7
189,Female,2
190,Female,3
191,Male,7
192,Female,7
193,Female,6
194,Female,5
195,Male,1
196,Male,5
197,Female,5
198,Male,6
199,Female,7
200,Male,5
201,Female,4
202,Male,4
203,Male,4
204,Male,5
205,Female,5
206,Male,4
207,Female,6
208,Female,5
209,Female,7
210,Female,5
211,Male,6
212,Male,7
213,Male,6
214,Male,7
215,Female,4
216,Female,1
217,Male,4
218,Female,7
219,Male,7
220,Male,7
221,Female,7
222,Female,6
223,Female,7
224,Male,4
225,Male,7
226,Male,1
227,Female,5
228,Male,1
229,Female,5
230,Female,5
231,Male,5
232,Female,6
233,Male,4
234,Female,4
235,Female,5
236,Male,4
237,Male,5
238,Female,6
239,Female,5
240,Female,7
241,Male,6
242,Male,7
243,Female,7
244,Male,2
245,Female,4
246,Female,7
247,Female,7
248,Female,6
249,Female,6
250,Male,5
251,Male,6
252,Male,3
253,Female,6
254,Female,7
255,Female,7
256,Male,5
257,Female,4
258,Male,7
259,Male,7
260,Female,6
261,Male,1
262,Male,6
263,Male,7
264,Male,3
265,Male,5
266,Female,6
267,Male,6
268,Male,5
269,Male,4
270,Female,6
271,Female,7
272,Female,7
273,Male,6
274,Female,7
275,Female,4
276,Female,5
277,Female,3
278,Female,7
279,Female,7
280,Female,1
281,Male,4
282,Male,3
283,Female,2
284,Male,1
285,Female,6
286,Male,5
287,Male,2
288,Female,5
289,Female,7
290,Female,5
291,Female,6
292,Male,2
293,Male,6
294,Male,3
295,Male,7
296,Male,5
297,Female,5
298,Female,7
299,Female,4
300,Female,6
301,Male,5
302,Female,5
303,Female,6
304,Female,6
305,Male,4
306,Female,7
307,Male,6
308,Male,3
309,Female,5
310,Female,6
311,Female,6
312,Female,4
313,Female,7
314,Male,6
315,Male,4
316,Female,3
317,Female,4
318,Male,4
319,Male,6
320,Female,1
321,Female,7
322,Male,3
323,Female,4
324,Male,1
325,Male,4
326,Male,6
327,Female,4
328,Male,5
329,Male,6
330,Female,4
331,Male,5
332,Female,1
333,Male,1
334,Female,7
335,Female,5
336,Male,5
337,Female,6
338,Male,5
339,Male,4
340,Female,5
341,Female,2
342,Male,4
343,Female,2
344,Female,7
345,Male,2
346,Female,5
347,Male,5
348,Female,4
349,Female,5
350,Male,3
351,Male,7
352,Female,7
353,Female,6
354,Female,7
355,Female,4
356,Female,4
357,Female,5
358,Female,6
359,Male,4
360,Female,7
361,Female,7
362,Male,7
363,Female,7
364,Male,6
365,Female,6
366,Female,7
367,Male,5
368,Female,6
369,Male,5
370,Female,7
371,Male,7
372,Male,6
373,Female,5
374,Male,2
375,Female,6
376,Male,1
377,Male,3
378,Male,4
379,Female,5
380,Female,6
381,Male,5
382,Female,5
383,Female,2
384,Male,4
385,Female,6
386,Female,5
387,Female,2
388,Female,4
389,Male,5
390,Female,4
391,Female,4
392,Male,5
393,Female,7
394,Male,7
395,Male,1
396,Female,6
397,Female,7
398,Female,5
399,Female,7
400,Female,7
401,Female,3
402,Male,5
403,Male,7
404,Male,4
405,Female,6
406,Male,4
407,Female,7
408,Male,1
409,Male,5
410,Male,4
411,Male,2
412,Male,4
413,Female,7
414,Female,3
415,Female,6
416,Female,5
417,Female,2
418,Female,3
419,Female,4
420,Male,6
421,Male,6
422,Female,7
423,Female,4
424,Female,5
425,Female,6
426,Female,6
427,Female,3
428,Female,4
429,Male,2
430,Female,4
431,Female,3
432,Male,7
433,Female,7
434,Male,5
435,Male,5
436,Male,1
437,Female,3
438,Male,5
439,Female,6
440,Male,3
441,Female,4
442,Female,6
443,Male,7
444,Female,7
445,Female,5
446,Female,4
447,Male,5
448,Male,6
449,Male,4
450,Male,4
451,Female,5
452,Female,4
453,Female,4
454,Female,7
455,Male,6
456,Female,6
457,Male,7
458,Male,7
459,Male,4
460,Female,7
461,Male,7
462,Female,6
463,Female,5
464,Female,3
465,Female,7
466,Male,7
467,Male,4
468,Male,4
469,Male,6
470,Female,5
471,Female,5
472,Male,6
473,Male,6
474,Male,4
475,Male,6
476,Male,6
477,Male,4
478,Female,5
479,Female,5
480,Male,4
481,Female,4
482,Male,4
483,Male,5
484,Female,6
485,Male,4
486,Female,7
487,Female,4
488,Male,5
489,Female,6
490,Female,7
491,Female,7
492,Female,6
493,Female,3
494,Male,3
495,Male,7
496,Male,5
497,Male,7
498,Male,7
499,Female,6
500,Male,3
501,Female,5
502,Male,3
503,Male,4
504,Female,5
505,Female,4
506,Male,4
507,Female,7
508,Male,3
509,Female,6
510,Female,5
511,Male,4
512,Male,4
513,Female,7
514,Female,4
515,Male,3
516,Male,4
517,Male,2
518,Male,5
519,Female,7
520,Male,4
521,Male,2
522,Male,2
523,Female,4
524,Male,4
525,Female,4
526,Female,7
527,Male,5
528,Female,3
529,Female,5
530,Male,5
531,Female,3
532,Female,6
533,Male,3
534,Female,3
535,Male,4
536,Female,5
537,Female,7
538,Female,4
539,Male,4
540,Male,5
541,Male,6
542,Female,5
543,Female,7
544,Female,4
545,Female,5
546,Male,7
547,Female,4
548,Female,6
549,Male,4
550,Female,6
551,Male,7
552,Female,4
553,Male,5
554,Female,6
555,Female,7
556,Female,6
557,Male,7
558,Male,4
559,Male,6
560,Female,7
561,Female,6
562,Male,5
563,Male,4
564,Male,7
565,Female,4
566,Male,1
567,Male,5
568,Male,4
569,Female,3
570,Female,7
571,Male,7
572,Female,6
573,Female,6
574,Female,5
575,Female,7
576,Male,4
577,Male,3
578,Male,6
579,Male,5
580,Female,5
581,Male,4
582,Male,2
583,Female,5
584,Female,3
585,Male,4
586,Male,4
587,Male,6
588,Female,6
589,Male,5
590,Male,2
591,Male,3
592,Male,7
593,Male,5
594,Male,6
595,Female,7
596,Male,2
597,Female,7
598,Male,4
599,Female,7
600,Male,4
601,Female,4
602,Male,3
603,Female,5
604,Male,5
605,Male,7
606,Female,7
607,Male,5
608,Female,7
609,Female,6
610,Male,2
611,Female,4
612,Female,7
613,Female,5
614,Male,4
615,Female,6
616,Female,7
617,Female,5
618,Female,6
619,Female,4
620,Male,4
621,Male,5
622,Female,5
623,Male,4
624,Female,5
625,Female,3
626,Female,6
627,Female,6
628,Male,7
629,Male,2
630,Female,6
631,Female,5
632,Female,3
633,Female,5
634,Male,6
635,Male,5
636,Male,4
637,Female,5
638,Male,7
639,Male,7
640,Male,1
641,Female,7
642,Male,4
643,Male,2
644,Female,7
645,Female,5
646,Female,5
647,Female,5
648,Female,6
649,Female,7
650,Male,6
651,Male,1
652,Female,7
653,Female,7
654,Female,3
655,Female,7
656,Female,6
657,Female,4
658,Female,4
659,Female,6
660,Male,6
661,Male,5
662,Male,1
663,Female,6
664,Female,4
665,Female,4
666,Female,7
667,Male,1
668,Female,3
669,Female,2
670,Female,4
671,Female,7
672,Male,1
673,Female,3
674,Female,7
675,Female,5
676,Male,4
677,Female,5
678,Male,4
679,Female,7
680,Male,6
681,Female,3
682,Female,5
683,Female,2
684,Male,6
685,Female,7
686,Male,7
687,Male,5
688,Female,6
689,Female,3
690,Female,5
691,Male,7
692,Male,3
693,Male,3
694,Male,1
695,Female,5
696,Female,4
697,Female,4
698,Male,1
699,Female,6
700,Female,3
701,Male,5
702,Male,4
703,Female,7
704,Male,6
705,Female,7
706,Female,7
707,Female,1
708,Male,3
709,Female,6
710,Female,6
711,Female,4
712,Female,5
713,Female,6
714,Female,7
715,Male,7
716,Male,3
717,Female,4
718,Male,6
719,Female,6
720,Female,6
721,Male,7
722,Female,6
723,Male,7
724,Female,3
725,Male,7
726,Female,6
727,Female,7
728,Female,5
729,Male,7
730,Male,7
731,Female,5
732,Male,7
733,Female,4
734,Female,5
735,Male,6
736,Male,6
737,Male,3
738,Male,6
739,Female,3
740,Female,7
741,Male,7
742,Male,6
743,Male,4
744,Male,3
745,Female,5
746,Female,7
747,Female,6
748,Female,6
749,Male,5
750,Female,4
751,Female,5
752,Female,3
753,Male,4
754,Male,3
755,Male,4
756,Male,3
757,Male,5
758,Female,7
759,Male,3
760,Male,5
761,Female,3
762,Female,6
763,Female,5
764,Male,4
765,Female,6
766,Male,4
767,Female,1
768,Female,4
769,Male,4
770,Female,5
771,Female,7
772,Male,7
773,Male,7
774,Female,7
775,Female,5
776,Female,4
777,Male,6
778,Male,7
779,Male,6
780,Male,3
781,Female,5
782,Male,5
783,Female,7
784,Female,6
785,Female,6
786,Male,1
787,Female,6
788,Male,7
789,Male,4
790,Female,5
791,Male,3
792,Female,2
793,Female,6
794,Male,4
795,Male,6
796,Female,7
797,Female,4
798,Female,6
799,Female,5
800,Female,3
801,Female,6
802,Male,1
803,Male,4
804,Female,5
805,Female,6
806,Female,7
807,Female,3
808,Male,4
809,Female,6
810,Male,2
811,Male,3
812,Female,7
813,Male,4
814,Female,6
815,Female,7
816,Male,7
817,Female,4
818,Female,7
819,Female,4
820,Female,4
821,Male,6
822,Female,7
823,Male,7
824,Male,3
825,Male,3
826,Female,7
827,Female,4
828,Male,1
829,Female,2
830,Female,7
831,Female,6
832,Male,6
833,Male,4
834,Female,4
835,Female,6
836,Female,7
837,Female,6
838,Male,5
839,,4
840,Female,7
841,Male,3
842,Male,7
843,Male,6
844,Female,5
845,Male,7
846,Female,4
847,Male,5
848,Female,5
849,Female,5
850,Female,7
851,Male,1
852,Male,6
853,Male,6
854,Male,4
855,Male,4
856,Female,7
857,Female,5
858,Male,4
859,Male,7
860,Male,4
861,Male,6
862,Male,3
863,Female,7
864,Female,6
865,Male,5
866,Female,6
867,Female,7
868,Female,7
869,Female,7
870,Male,3
871,Male,3
872,Female,7
873,Female,4
874,Female,6
875,Female,7
876,Female,6
877,Male,7
878,Female,6
879,Female,7
880,Female,7
881,Male,1
882,Male,2
883,Female,7
884,Male,3
885,Female,7
886,Male,1
887,Male,6
888,Female,5
889,Female,6
890,Male,5
891,Male,4
892,Female,6
893,Female,3
894,Female,4
895,Female,5
896,Female,4
897,Male,4
898,Male,6
899,Female,7
900,Female,5
901,Male,7
902,Female,5
903,Male,3
904,Female,6
905,Female,6
906,Female,6
907,Female,6
908,Male,5
909,Male,6
910,Female,5
911,Female,7
912,Male,7
913,Female,7
914,Female,5
915,Male,5
916,Female,4
917,Female,4
918,Female,7
919,Female,5
920,Female,7
921,Male,7
922,Female,6
923,Female,5
924,Female,7
925,Male,3
926,Male,3
927,Male,6
928,Female,7
929,Male,3
930,Female,7
931,Female,5
932,Male,3
933,Female,6
934,Female,7
935,Female,3
936,Female,7
937,Female,1
938,Female,7
939,Male,4
940,Male,7
941,Female,5
942,Female,7
943,Female,5
944,Female,4
945,Female,5
946,Male,4
947,Female,6
948,Female,7
949,Female,2
950,Male,5
951,Male,3
952,Male,7
953,Male,6
954,Male,4
955,Male,4
956,Male,5
957,Male,2
958,Female,6
959,Female,7
960,Male,7
961,Female,4
962,Female,4
963,Male,1
964,Female,5
965,Male,5
966,Female,6
967,Female,7
968,Female,7
969,Female,4
970,Male,5
971,Female,5
972,Female,6
973,Female,2
974,Female,4
975,Male,7
976,Male,1
977,Male,7
978,Female,7
979,Female,3
980,Male,6
981,Female,7
982,Female,4
983,Male,4
984,Female,6
985,Female,5
986,Female,6
987,Male,4
988,Male,4
989,Male,5
990,Male,1
991,Male,5
992,Male,6
993,Female,4
994,Female,7
995,Female,6
996,Male,5
997,Female,6
998,Male,5
999,Female,5
1000,Female,5
1001,Female,7
1002,Male,5
1003,Female,5
1004,Female,7
1005,Female,4
1006,Male,5
1007,Female,4
1008,Male,7
1009,Female,6
1010,Male,4
1011,Female,6
1012,Male,5
1013,Female,7
1014,Female,6
1015,Male,6
1016,Male,6
1017,Male,4
1018,Female,4
1019,Female,5
1020,Female,7
1021,Female,6
1022,Male,5
1023,Male,6
1024,Male,4
1025,Female,5
1026,Male,6
1027,Male,4
1028,Female,3
1029,Female,5
1030,Female,7
1031,Female,3
1032,Male,5
1033,Male,6
1034,Female,7
1035,Female,4
1036,Male,2
1037,Male,7
1038,Female,5
1039,Female,6
1040,Male,7
1041,Female,7
1042,Male,3
1043,Male,6
1044,Female,6
1045,Female,5
1046,Female,5
1047,Female,6
1048,Male,1
1049,Male,7
1050,Female,3
1051,Male,7
1052,Male,4
1053,Male,6
1054,Female,4
1055,Male,2
1056,Female,4
1057,Female,5
1058,Male,6
1059,Male,7
1060,Male,4
1061,Female,5
1062,Male,6
1063,Female,3
1064,Female,5
1065,Female,3
1066,Female,3
1067,Male,6
1068,Male,5
1069,Female,5
1070,Female,7
1071,Female,5
1072,Male,3
1073,Female,7
1074,Female,6
1075,Female,5
1076,Male,5
1077,Male,5
1078,Female,7
1079,Female,4
1080,Male,7
1081,Female,5
1082,Male,4
1083,Male,7
1084,Male,1
1085,Female,6
1086,Female,6
1087,Female,7
1088,Male,7
1089,Male,3
1090,Female,7
1091,Male,2
1092,Male,3
1093,Female,5
1094,Female,7
1095,Male,7
1096,Female,6
1097,Female,7
1098,Male,5
1099,Female,6
1100,Male,7
1101,Female,4
1102,Female,5
1103,Male,7
1104,Male,1
1105,Male,5
1106,Female,6
1107,Male,6
1108,Female,7
1109,Female,7
1110,Female,5
1111,Male,6
1112,Male,7
1113,Female,6
1114,Male,4
1115,Female,4
1116,Female,5
1117,Male,7
1118,Female,2
1119,Female,6
1120,Female,7
1121,Female,4
1122,Male,6
1123,Male,7
1124,Male,4
1125,Female,3
1126,Male,6
1127,Female,6
1128,Male,7
1129,Female,3
1130,Female,7
1131,Female,7
1132,Female,3
1133,Male,3
1134,Female,5
1135,Male,6
1136,Male,7
1137,Female,4
1138,Female,6
1139,Female,7
1140,Female,4
1141,Female,6
1142,Male,5
1143,Male,3
1144,Male,5
1145,Male,7
1146,Male,2
1147,Female,4
1148,Female,1
1149,Female,7
1150,Male,4
1151,Female,7
1152,Male,7
1153,Female,2
1154,Female,7
1155,Female,1
1156,Female,4
1157,Male,6
1158,Female,5
1159,Female,6
1160,Female,3
1161,Female,4
1162,Male,7
1163,Female,6
1164,Female,4
1165,Female,5
1166,Male,4
1167,Male,5
1168,Female,7
1169,Male,3
1170,Female,7
1171,Male,4
1172,Male,6
1173,Male,4
1174,Female,7
1175,Female,4
1176,Female,4
1177,Male,6
1178,Female,4
1179,Male,4
1180,Male,4
1181,Male,2
1182,Male,6
1183,Female,5
1184,Female,6
1185,Male,4
1186,Male,7
1187,Female,5
1188,Female,6
1189,Female,4
1190,Female,6
1191,Female,5
1192,Female,5
1193,Female,4
1194,Female,7
1195,Male,6
1196,Female,4
1197,Male,2
1198,Male,6
1199,Male,3
1200,Male,4
1201,Female,7
1202,Female,4
1203,Male,7
1204,Male,5
1205,Female,6
1206,Female,3
1207,Male,6
1208,Male,5
1209,Female,7
1210,Female,5
1211,Female,6
1212,Female,7
1213,Male,3
1214,Male,5
1215,Male,4
1216,Male,4
1217,Female,5
1218,Male,7
1219,Female,4
1220,Male,6
1221,Male,1
1222,Female,5
1223,Female,6
1224,Female,5
1225,Female,5
1226,Female,7
1227,Male,6
1228,Male,6
1229,Female,5
1230,Male,6
1231,Male,5
1232,Female,7
1233,Female,3
1234,Female,6
1235,Female,5
1236,Female,5
1237,Female,5
1238,Female,5
1239,Female,5
1240,Female,3
1241,Male,4
1242,Female,4
1243,Male,6
1244,Male,6
1245,Female,5
1246,Male,4
1247,Female,7
1248,Female,6
1249,Male,5
1250,Male,6
1251,Male,5
1252,Male,2
1253,Female,6
1254,Male,2
1255,Male,5
1256,Male,7
1257,Female,5
1258,Female,7
1259,Male,4
1260,Female,7
1261,Male,6
1262,Female,6
1263,Male,4
1264,Female,5
1265,Male,4
1266,Female,4
1267,Male,5
1268,Female,1
1269,Female,5
1270,Female,3
1271,Female,4
1272,Male,5
1273,Male,5
1274,Female,7
1275,Male,7
1276,Female,3
1277,Male,1
1278,Male,5
1279,Female,7
1280,Female,4
1281,Male,4
1282,Female,5
1283,Male,5
1284,Female,6
1285,Male,7
1286,Male,6
1287,Female,4
1288,Male,3
1289,Female,6
1290,Female,5
1291,Female,5
1292,Male,5
1293,Female,7
1294,Male,5
1295,Female,5
1296,Female,4
1297,Female,6
1298,Female,3
1299,Female,4
1300,Female,4
1301,Male,1
1302,Male,5
1303,Female,5
1304,Male,5
1305,Female,6
1306,Male,6
1307,Female,4
1308,Male,6
1309,Female,5
1310,Male,4
1311,Female,4
1312,Female,4
1313,Female,5
1314,Male,2
1315,Male,7
1316,Female,7
1317,Female,5
1318,Female,7
1319,Male,1
1320,Male,7
1321,Male,6
1322,Female,6
1323,Male,6
1324,Female,3
1325,Male,6
1326,Male,3
1327,Female,6
1328,Male,5
1329,Female,6
1330,Female,5
1331,Female,7
1332,Female,7
1333,Female,7
1334,Female,6
1335,Male,7
1336,Female,5
1337,Female,7
1338,Male,7
1339,Female,6
1340,Female,4
1341,Female,6
1342,Male,4
1343,Male,6
1344,Female,7
1345,Female,7
1346,Male,6
1347,Male,3
1348,Female,6
1349,Female,6
1350,Male,4
1351,Female,7
1352,Female,4
1353,Female,4
1354,Female,6
1355,Male,5
1356,Female,4
1357,Female,6
1358,Female,4
1359,Female,6
1360,Female,6
1361,Male,4
1362,Male,4
1363,Male,5
1364,Female,4
1365,Male,2
1366,Female,7
1367,Male,3
1368,Female,7
1369,Female,5
1370,Female,7
1371,Male,7
1372,Female,7
1373,Male,5
1374,Female,7
1375,Male,5
1376,Female,6
1377,Male,6
1378,Male,6
1379,Female,7
1380,Female,6
1381,Male,7
1382,Female,5
1383,Female,7
1384,Male,5
1385,Male,4
1386,Male,7
1387,Female,6
1388,Male,6
1389,Female,7
1390,Male,7
1391,Male,4
1392,Female,1
1393,Female,5
1394,Female,3
1395,Female,4
1396,Female,7
1397,Female,4
1398,Male,6
1399,Male,3
1400,Male,5
1401,Male,7
1402,Male,3
1403,Male,7
1404,Male,7
1405,Male,5
1406,Male,6
1407,Female,6
1408,Male,5
1409,Female,4
1410,Female,4
1411,Male,7
1412,Female,3
1413,Female,4
1414,Male,1
1415,Female,7
1416,Female,4
1417,Male,7
1418,Male,4
1419,Male,7
1420,Female,4
1421,Male,5
1422,Male,4
1423,Female,3
1424,Male,4
1425,Male,7
1426,Female,7
1427,Female,5
1428,Female,4
1429,Male,4
1430,Female,4
1431,Female,7
1432,Male,5
1433,Female,6
1434,Male,4
1435,Female,7
1436,Female,6
1437,Female,4
1438,Female,5
1439,Male,5
1440,Female,5
1441,Female,3
1442,Female,4
1443,Female,4
1444,Male,5
1445,Male,5
1446,Male,5
1447,Female,6
1448,Female,7
1449,Male,4
1450,Female,5
1451,Female,7
1452,Male,5
1453,Female,5
1454,Female,7
1455,Male,6
1456,Female,7
1457,Male,5
1458,Female,7
1459,Female,5
1460,Male,4
1461,Female,5
1462,Male,6
1463,Female,5
1464,Male,4
1465,Female,5
1466,Female,4
1467,Female,6
1468,Female,7
1469,Female,4
1470,Male,5
1471,Female,6
1472,Male,6
1473,Female,4
1474,Male,5
1475,Male,6
1476,Male,6
1477,Female,7
1478,Male,4
1479,Female,5
1480,Male,7
1481,Male,1
1482,Male,7
1483,Female,4
1484,Female,5
1485,Male,5
1486,Male,4
1487,Male,5
1488,Male,6
1489,Female,5
1490,Female,6
1491,Female,5
1492,Male,2
1493,Male,5
1494,Female,4
1495,Female,5
1496,Male,6
1497,Female,4
1498,Female,7
1499,Female,3
1500,Female,6
1501,Female,4
1502,Male,1
1503,Male,6
1504,Male,6
1505,Female,7
1506,Male,3
1507,Male,5
1508,Male,3
1509,Female,5
1510,Male,6
1511,Female,6
1512,Female,5
1513,Male,4
1514,Male,4
1515,Male,5
1516,Female,5
1517,Female,4
1518,Male,3
1519,Female,5
1520,Female,4
1521,Male,4
1522,Male,5
1523,Female,7
1524,Female,3
1525,Female,6
1526,Female,7
1527,Female,5
1528,Female,6
1529,Male,5
1530,Female,7
1531,Female,7
1532,Male,4
1533,Male,2
1534,Female,6
1535,Male,6
1536,Female,6
1537,Male,1
1538,Female,7
1539,Male,4
1540,Female,3
1541,Male,3
1542,Female,4
1543,Male,3
1544,Male,5
1545,Male,5
1546,Female,6
1547,Female,7
1548,Male,5
1549,Male,3
1550,Female,6
1551,Male,7
1552,Male,3
1553,Male,1
1554,Female,5
1555,Female,5
1556,Female,6
1557,Male,7
1558,Male,4
1559,Male,4
1560,Female,7
1561,Female,6
1562,Male,1
1563,Female,7
1564,Male,4
1565,Male,6
1566,Female,7
1567,Female,4
1568,Male,5
1569,Male,1
1570,Female,4
1571,Male,6
1572,Female,7
1573,Female,7
1574,Male,5
1575,Male,7
1576,Female,4
1577,Male,3
1578,Male,3
1579,Male,6
1580,Female,5
1581,Female,4
1582,Female,2
1583,Female,6
1584,Male,7
1585,Female,4
1586,Male,3
1587,Female,6
1588,Female,7
1589,Female,6
1590,Female,4
1591,Male,6
1592,Female,1
1593,Female,7
1594,Male,5
1595,Male,6
1596,Female,3
1597,Male,4
1598,Female,7
1599,Female,6
1600,Female,5
1601,Male,1
1602,Female,6
1603,Female,2
1604,Male,4
1605,Male,1
1606,Male,5
1607,Male,3
1608,Male,6
1609,Male,5
1610,Female,4
1611,Female,4
1612,Female,7
1613,Female,5
1614,Male,4
1615,Female,5
1616,Female,7
1617,Male,7
1618,Male,4
1619,Male,6
1620,Female,5
1621,Male,3
1622,Female,6
1623,Female,5
1624,Male,5
1625,Female,6
1626,Male,7
1627,Female,6
1628,Female,4
1629,Female,6
1630,Female,2
1631,Female,4
1632,Female,4
1633,Male,7
1634,Female,7
1635,Male,6
1636,Female,1
1637,Female,6
1638,Male,3
1639,Female,5
1640,Female,6
1641,Male,6
1642,Female,7
1643,Female,6
1644,Male,4
1645,Male,7
1646,Male,5
1647,Male,4
1648,Male,4
1649,Male,1
1650,Female,1
1651,Female,7
1652,Female,6
1653,Male,5
1654,Male,4
1655,Female,5
1656,Female,2
1657,Female,6
1658,Female,7
1659,Female,7
1660,Female,7
1661,Female,4
1662,Male,6
1663,Male,1
1664,Female,6
1665,Female,5
1666,Female,7
1667,Female,4
1668,Female,7
1669,Female,6
1670,Male,3
1671,Female,3
1672,Male,5
1673,Male,4
1674,Female,5
1675,Male,6
1676,Female,6
1677,Female,4
1678,Female,7
1679,Female,2
1680,Female,5
1681,Female,6
1682,Female,6
1683,Female,3
1684,Female,4
1685,Female,3
1686,Male,3
1687,Male,6
1688,Female,5
1689,Male,2
1690,Male,2
1691,Female,7
1692,Female,7
1693,Male,5
1694,Male,5
1695,Male,4
1696,Male,6
1697,Female,7
1698,Male,7
1699,Male,6
1700,Female,4
1701,Female,5
1702,Female,7
1703,Male,5
1704,Male,1
1705,Female,7
1706,Male,3
1707,Female,6
1708,Female,4
1709,Male,4
1710,Male,4
1711,Female,4
1712,Male,7
1713,Male,4
1714,Male,7
1715,Female,7
1716,Male,4
1717,Female,7
1718,Female,4
1719,Female,4
1720,Male,6
1721,Female,7
1722,Male,7
1723,Male,7
1724,Female,5
1725,Female,5
1726,Male,7
1727,Male,5
1728,Female,7
1729,Female,3
1730,Male,7
1731,Female,4
1732,Female,6
1733,Female,4
1734,Male,2
1735,Female,5
1736,Male,7
1737,Female,7
1738,Male,4
1739,Female,7
1740,Female,6
1741,Male,6
1742,Female,6
1743,Male,3
1744,Male,3
1745,Male,4
1746,Male,4
1747,Male,6
1748,Male,6
1749,Male,6
1750,Male,6
1751,Male,6
1752,Male,1
1753,Female,6
1754,Male,5
1755,Male,7
1756,Female,6
1757,Male,7
1758,Female,7
1759,Male,4
1760,Female,3
1761,Female,4
1762,Male,7
1763,Male,3
1764,Female,5
1765,Male,3
1766,Female,1
1767,Male,7
1768,Male,5
1769,Female,6
1770,Male,6
1771,Male,4
1772,Female,5
1773,Male,4
1774,Female,6
1775,Male,5
1776,Female,7
1777,Female,5
1778,Female,6
1779,Female,6
1780,Male,7
1781,Female,3
1782,Male,4
1783,Female,5
1784,Male,3
1785,Female,6
1786,Male,5
1787,Female,4
1788,Male,6
1789,Male,2
1790,Male,6
1791,Male,6
1792,Female,6
1793,Female,7
1794,Female,6
1795,Male,5
1796,Male,6
1797,Female,7
1798,Female,7
1799,Male,6
1800,Male,4
1801,Female,4
1802,Female,7
1803,Male,5
1804,Female,2
1805,Male,2
1806,Female,5
1807,Male,5
1808,Male,6
1809,Female,7
1810,Female,4
1811,Female,7
1812,Male,4
1813,Male,5
1814,Male,4
1815,Male,6
1816,Male,4
1817,Female,5
1818,Male,6
1819,Female,6
1820,Female,4
1821,Female,7
1822,Female,6
1823,Male,6
1824,Male,6
1825,Male,6
1826,Female,1
1827,Female,3
1828,Male,7
1829,Female,6
1830,Female,4
1831,Female,5
1832,Female,6
1833,Male,5
1834,Male,6
1835,Male,7
1836,Female,4
1837,Male,4
1838,Female,4
1839,Female,4
1840,Female,6
1841,Female,5
1842,Female,5
1843,Male,1
1844,Female,4
1845,Male,7
1846,Female,3
1847,Male,7
1848,Male,6
1849,Female,2
1850,Male,5
1851,Female,1
1852,Female,5
1853,Female,5
1854,Male,6
1855,Male,6
1856,Male,1
1857,Female,7
1858,Female,6
1859,Male,4
1860,Female,5
1861,Female,7
1862,Female,1
1863,Male,2
1864,Female,7
1865,Male,6
1866,Male,4
1867,Female,6
1868,Male,5
1869,Female,6
1870,Female,4
1871,Male,7
1872,Male,5
1873,Male,6
1874,Male,1
1875,Female,2
1876,Male,4
1877,Male,4
1878,Male,4
1879,Male,7
1880,Female,5
1881,Female,7
1882,Female,3
1883,Female,4
1884,Male,4
1885,Female,3
1886,Male,7
1887,Female,3
1888,Male,6
1889,Female,4
1890,Male,4
1891,Female,5
1892,Female,7
1893,Female,7
1894,Female,7
1895,Female,1
1896,Female,5
1897,Female,6
1898,Male,1
1899,Female,5
1900,Female,4
1901,Female,4
1902,Female,7
1903,Male,4
1904,Female,7
1905,Female,7
1906,Female,7
1907,Female,5
1908,Male,1
1909,Female,2
1910,Female,5
1911,Male,4
1912,Male,6
1913,Female,7
1914,Female,5
1915,Female,6
1916,Female,4
1917,Female,4
1918,Male,5
1919,Male,2
1920,Female,5
1921,Male,3
1922,Male,3
1923,Female,3
1924,Female,5
1925,Male,6
1926,Female,4
1927,Female,7
1928,Male,6
1929,Female,5
1930,Male,4
1931,Female,6
1932,Female,5
1933,Male,6
1934,Female,7
1935,Female,3
1936,Female,6
1937,Female,3
1938,Female,7
1939,Male,5
1940,Female,4
1941,Female,5
1942,Female,7
1943,Male,2
1944,Male,7
1945,Female,6
1946,Male,6
1947,Male,4
1948,Female,6
1949,Male,7
1950,Male,3
1951,Male,4
1952,Male,6
1953,Female,6
1954,Female,7
1955,Male,5
1956,Female,7
1957,Male,1
1958,Female,7
1959,Male,6
1960,Female,6
1961,Female,5
1962,Male,4
1963,Male,6
1964,Female,5
1965,Female,6
1966,Female,5
1967,Male,7
1968,Male,5
1969,Male,6
1970,Female,5
1971,Male,4
1972,Female,5
1973,Male,1
1974,Female,3
1975,Male,7
1976,Female,6
1977,Female,5
1978,Male,7
1979,Male,6
1980,Female,4
1981,Male,6
1982,Female,4
1983,Female,5
1984,Female,7
1985,Male,5
1986,Female,6
1987,Male,2
1988,Female,7
1989,Male,5
1990,Male,6
1991,Male,6
1992,Female,3
1993,Female,6
1994,Male,7
1995,Male,6
1996,Male,5
1997,Female,7
1998,Male,5
1999,Male,2
2000,Female,6
2001,Female,7
2002,Male,1
2003,Male,4
2004,Male,7
2005,Female,7
2006,Female,4
2007,Female,7
2008,Male,6
2009,Female,6
2010,Male,5
2011,Female,6
2012,Female,1
2013,Female,3
2014,Male,3
2015,Male,7
2016,Male,7
2017,Female,7
2018,Female,4
2019,Female,5
2020,Female,4
2021,Female,4
2022,Female,1
2023,Female,4
2024,Female,4
2025,Female,3
2026,Male,6
2027,Male,6
2028,Female,4
2029,Female,4
2030,Male,6
2031,Male,6
2032,Male,7
2033,Female,6
2034,Male,5
2035,Male,6
2036,Female,7
2037,Male,4
2038,Male,7
2039,Male,7
2040,Female,3
2041,Female,7
2042,Female,5
2043,Female,5
2044,Male,4
2045,Female,6
2046,Female,6
2047,Female,6
2048,Male,6
2049,Female,1
2050,Male,2
2051,Female,4
2052,Male,5
2053,Male,3
2054,Female,5
2055,Female,7
2056,Male,2
2057,Male,3
2058,Male,7
2059,Female,4
2060,Male,7
2061,Female,5
2062,Male,1
2063,Male,4
2064,Male,5
2065,Male,4
2066,Female,7
2067,Female,2
2068,Female,6
2069,Female,5
2070,Male,5
2071,Male,4
2072,Male,5
2073,Female,4
2074,Male,4
2075,Male,4
2076,Female,4
2077,Female,7
2078,Male,6
2079,Male,7
2080,Male,3
2081,Female,4
2082,Male,7
2083,Male,4
2084,Male,6
2085,Male,4
2086,Male,7
2087,Female,2
2088,Female,5
2089,Male,4
2090,Male,7
2091,Male,2
2092,Female,7
2093,Male,3
2094,Female,5
2095,Female,3
2096,Female,3
2097,Male,7
2098,Female,4
2099,Female,4
2100,Female,5
2101,Female,5
2102,Male,2
2103,Male,4
2104,Male,6
2105,Female,5
2106,Male,5
2107,Female,6
2108,Female,5
2109,Female,5
2110,Female,4
2111,Female,6
2112,Female,6
2113,Female,7
2114,Male,5
2115,Male,5
2116,Male,6
2117,Female,7
2118,Female,4
2119,Male,6
2120,Female,3
2121,Male,4
2122,Female,5
2123,Female,6
2124,Female,6
2125,Female,6
2126,Male,5
2127,Female,6
2128,Male,5
2129,Male,5
2130,Female,6
2131,Male,3
2132,Male,7
2133,Female,7
2134,Female,4
2135,Male,4
2136,Female,5
2137,Female,7
2138,Female,4
2139,Female,5
2140,Female,3
2141,Male,6
2142,Male,6
2143,Male,5
2144,Male,5
2145,Male,7
2146,Female,4
2147,Male,7
2148,Male,3
2149,Male,6
2150,Female,5
2151,Male,5
2152,Female,7
2153,Male,7
2154,Male,4
2155,Female,6
2156,Male,6
2157,Female,6
2158,Female,6
2159,Male,6
2160,Male,2
2161,Female,7
2162,Male,4
2163,Female,4
2164,Male,3
2165,Male,4
2166,Male,1
2167,Male,7
2168,Male,6
2169,Male,3
2170,Female,6
2171,Male,6
2172,Male,3
2173,Male,6
2174,Male,7
2175,Female,5
2176,Male,3
2177,Male,5
2178,Male,5
2179,Female,6
2180,Male,7
2181,Female,7
2182,Female,6
2183,Male,6
2184,Male,4
2185,Male,6
2186,Female,5
2187,Male,4
2188,Female,6
2189,Male,5
2190,Male,1
2191,Female,4
2192,Female,5
2193,Male,5
2194,Male,7
2195,Male,4
2196,Female,3
2197,Male,4
2198,Male,6
2199,Female,4
2200,Male,7
2201,Female,4
2202,Male,6
2203,Female,7
2204,Female,7
2205,Female,6
2206,Female,6
2207,Female,6
2208,Male,7
2209,Female,7
2210,Male,3
2211,Female,3
2212,Male,4
2213,Female,5
2214,Male,5
2215,Female,5
2216,Female,5
2217,Female,5
2218,Female,6
2219,Female,7
2220,Female,7
2221,Male,7
2222,Female,4
2223,Female,7
2224,Female,6
2225,Female,6
2226,Male,6
2227,Female,5
2228,Male,7
2229,Female,6
2230,Female,4
2231,Male,4
2232,Male,7
2233,Female,4
2234,Female,6
2235,Female,6
2236,Male,2
2237,Male,6
2238,Male,5
2239,Female,6
2240,Male,5
2241,Female,6
2242,Female,5
2243,Female,5
2244,Female,7
2245,Female,1
2246,Female,5
2247,Male,2
2248,Male,4
2249,Female,4
2250,Male,3
2251,Male,3
2252,Female,2
2253,Female,5
2254,Female,4
2255,Female,7
2256,Female,3
2257,Female,6
2258,Male,4
2259,Male,3
2260,Female,6
2261,Female,5
2262,Male,5
2263,Female,5
2264,Female,7
2265,Male,4
2266,Female,7
2267,Female,5
2268,Male,6
2269,Male,4
2270,Male,4
2271,Female,3
2272,Male,5
2273,Female,1
2274,Male,7
2275,Male,3
2276,Male,6
2277,Female,5
2278,Female,6
2279,Female,5
2280,Female,6
2281,Female,4
2282,Female,5
2283,Female,6
2284,Male,1
2285,Female,7
2286,Female,7
2287,Female,5
2288,Female,4
2289,Male,7
2290,Male,5
2291,Female,4
2292,Male,5
2293,Female,1
2294,Female,5
2295,Male,2
2296,Male,5
2297,Female,7
2298,Male,5
2299,Female,2
2300,Female,2
2301,Female,7
2302,Male,3
2303,Male,6
2304,Male,7
2305,Male,6
2306,Male,5
2307,Female,5
2308,Male,4
2309,Male,5
2310,Male,7
2311,Male,6
2312,Male,5
2313,Male,7
2314,Female,
2315,Female,7
2316,Male,4
2317,Male,7
2318,Male,6
2319,Male,4
2320,Female,6
2321,Female,5
2322,Male,4
2323,Male,6
2324,Female,6
2325,Female,7
2326,Male,6
2327,Female,6
2328,Male,5
2329,Male,2
2330,Male,7
2331,Female,7
2332,Female,7
2333,Female,6
2334,Female,4
2335,Male,5
2336,Female,3
2337,Male,5
2338,Male,4
2339,Male,5
2340,Male,7
2341,Male,5
2342,Male,4
2343,Female,7
2344,Female,6
2345,Male,5
2346,Female,4
2347,Female,7
2348,Male,2
2349,Female,5
2350,Female,1
2351,Female,6
2352,Female,7
2353,Female,6
2354,Female,6
2355,Male,7
2356,Male,6
2357,Male,6
2358,Female,4
2359,Female,6
2360,Female,3
2361,Male,6
2362,Female,5
2363,Female,7
2364,Female,4
2365,Male,4
2366,Female,7
2367,Female,5
2368,Female,6
2369,Female,5
2370,Male,5
2371,Male,4
2372,Female,7
2373,Female,7
2374,Female,4
2375,Female,4
2376,Male,5
2377,Male,5
2378,Female,1
2379,Male,5
2380,Male,6
2381,Male,7
2382,Male,2
2383,Female,3
2384,Male,7
2385,Female,2
2386,Male,4
2387,Male,6
2388,Female,5
2389,Female,7
2390,Female,4
2391,Female,3
2392,Female,7
2393,Female,7
2394,Female,7
2395,Male,7
2396,Female,7
2397,Female,5
2398,Female,1
2399,Female,7
2400,Female,6
2401,Male,6
2402,Female,6
2403,Female,7
2404,Female,4
2405,Male,7
2406,Female,5
2407,Male,4
2408,Male,5
2409,Female,5
2410,Male,7
2411,Male,3
2412,Female,7
2413,Male,5
2414,Male,4
2415,Male,5
2416,Female,4
2417,Female,5
2418,Male,6
2419,Male,7
2420,Male,6
2421,Male,4
2422,Female,5
2423,Male,5
2424,Male,4
2425,Female,4
2426,Female,7
2427,Female,3
2428,Male,1
2429,Female,5
2430,Female,7
2431,Female,4
2432,Female,5
2433,Female,7
2434,Female,4
2435,Male,4
2436,Female,4
2437,Female,6
2438,Female,5
2439,Male,4
2440,Male,6
2441,Female,7
2442,Female,5
2443,Male,5
2444,Male,5
2445,Female,3
2446,Female,7
2447,Male,6
2448,Female,7
2449,Female,4
2450,Male,7
2451,Female,2
2452,Male,6
2453,Male,4
2454,Female,4
2455,Female,4
2456,Male,6
2457,Female,7
2458,Female,6
2459,Female,2
2460,Female,4
2461,Female,1
2462,Male,3
2463,Male,6
2464,Male,4
2465,Female,6
2466,Female,4
2467,Female,4
2468,Female,4
2469,Female,6
2470,Male,4
2471,Male,5
2472,Female,7
2473,Female,7
2474,Male,6
2475,Male,6
2476,Male,7
2477,Male,5
2478,Male,5
2479,Female,5
2480,Male,2
2481,Male,3
2482,Male,7
2483,Male,6
2484,Male,7
2485,Male,3
2486,Female,3
2487,Female,3
2488,Male,7
2489,Male,5
2490,Male,7
2491,Male,7
2492,Male,6
2493,Female,5
2494,Female,7
2495,Female,6
2496,Male,4
2497,Female,6
2498,Male,7
2499,Male,4
2500,Female,4
2501,Male,4
2502,Male,7
2503,Female,6
2504,Male,5
2505,Male,4
2506,Male,5
2507,Male,4
2508,Male,4
2509,Male,6
2510,Male,7
2511,Male,6
2512,Female,7
2513,Male,2
2514,Female,6
2515,Female,4
2516,Female,4
2517,Female,7
2518,Male,7
2519,Female,4
2520,Male,4
2521,Female,5
2522,Female,7
2523,Female,7
2524,Female,6
2525,Female,7
2526,Female,3
2527,Female,6
2528,Male,4
2529,Male,4
2530,Male,4
2531,Female,1
2532,Female,2
2533,Female,6
2534,Female,6
2535,Male,3
2536,Female,5
2537,Male,7
2538,Female,4
2539,Female,6
2540,Female,5
2541,Female,7
2542,Male,5
2543,Female,6
2544,Female,2
2545,Male,5
2546,Male,4
2547,Male,6
2548,Male,5
2549,Female,7
2550,Female,5
2551,Female,5
2552,Female,7
2553,Male,4
2554,Female,3
2555,Female,7
2556,Female,4
2557,Male,5
2558,Female,7
2559,Female,4
2560,Female,4
2561,Female,5
2562,Female,6
2563,Female,4
2564,Male,5
2565,Female,3
2566,Female,7
2567,Male,6
2568,Female,7
2569,Male,3
2570,Female,7
2571,Female,6
2572,Male,6
2573,Male,4
2574,Male,5
2575,Male,1
2576,Female,4
2577,Female,4
2578,Female,5
2579,Male,3
2580,Female,5
2581,Female,4
2582,Female,7
2583,Female,6
2584,Female,4
2585,Female,5
2586,Female,4
2587,Male,6
2588,Male,5
2589,Male,6
2590,Female,4
2591,Male,3
2592,Male,5
2593,Male,3
2594,Male,7
2595,Female,4
2596,Female,5
2597,Male,5
2598,Male,1
2599,Female,5
2600,Female,4
2601,Female,4
2602,Female,5
2603,Female,5
2604,Female,3
2605,Female,6
2606,Male,5
2607,Male,7
2608,Male,5
2609,Female,7
2610,Female,6
2611,Male,5
2612,Female,1
2613,Female,5
2614,Male,5
2615,Female,5
2616,Male,7
2617,Male,7
2618,Female,5
2619,Male,5
2620,Male,4
2621,Female,5
2622,Male,7
2623,Female,7
2624,Male,6
2625,Female,5
2626,Male,5
2627,Female,6
2628,Female,7
2629,Female,6
2630,Female,5
2631,Female,4
2632,Male,3
2633,Female,7
2634,Male,5
2635,Male,5
2636,Male,5
2637,Female,6
2638,Male,6
2639,Female,5
2640,Female,4
2641,Male,6
2642,Female,5
2643,Female,7
2644,Female,5
2645,Male,6
2646,Male,4
2647,Female,5
2648,Male,7
2649,Male,6
2650,Male,4
2651,Male,7
2652,Female,4
2653,Male,3
2654,Female,6
2655,Female,7
2656,Female,7
2657,Female,4
2658,Male,6
2659,Male,4
2660,Male,4
2661,Male,4
2662,Male,6
2663,Male,3
2664,Male,5
2665,Female,5
2666,Female,5
2667,Female,6
2668,Female,7
2669,Female,5
2670,Male,4
2671,Male,5
2672,Female,5
2673,Male,4
2674,Male,7
2675,Male,7
2676,Male,4
2677,Male,4
2678,Male,2
2679,Female,7
2680,Female,5
2681,Male,4
2682,Female,4
2683,Female,6
2684,Female,4
2685,Female,6
2686,Female,7
2687,Male,2
2688,Male,3
2689,Female,5
2690,Male,5
2691,Female,6
2692,Female,6
2693,Female,4
2694,Female,7
2695,Female,6
2696,Female,6
2697,Female,6
2698,Female,6
2699,Male,3
2700,Female,7
2701,Female,7
2702,Female,6
2703,Male,5
2704,Female,6
2705,Male,1
2706,Male,2
2707,Female,4
2708,Female,7
2709,Female,4
2710,Male,6
2711,Female,5
2712,Female,7
2713,Female,1
2714,Male,3
2715,Male,4
2716,Male,7
2717,Male,4
2718,Female,5
2719,Female,7
2720,Female,3
2721,Male,5
2722,Male,4
2723,Female,7
2724,Female,2
2725,Female,7
2726,Male,4
2727,Female,6
2728,Female,4
2729,Female,6
2730,Female,3
2731,Male,1
2732,Male,5
2733,Male,5
2734,Female,4
2735,Female,4
2736,Male,4
2737,Female,7
2738,Female,4
2739,Female,7
2740,Male,4
2741,Female,6
2742,Female,6
2743,Male,1
2744,Male,7
2745,Male,5
2746,Male,6
2747,Female,4
2748,Female,3
2749,Female,5
2750,Male,6
2751,Male,4
2752,Female,4
2753,Female,5
2754,Male,2
2755,Male,7
2756,Female,4
2757,Female,7
2758,Male,7
2759,Female,6
2760,Male,7
2761,Female,5
2762,Male,1
2763,Male,7
2764,Female,4
2765,Male,5
2766,Female,7
2767,Female,4
2768,Female,5
2769,Female,4
2770,Male,4
2771,Male,7
2772,Female,6
2773,Female,3
2774,Female,4
2775,Male,7
2776,Male,2
2777,Female,4
2778,Female,7
2779,Male,6
2780,Female,4
2781,Male,5
2782,Female,7
2783,Female,6
2784,Male,5
2785,Male,6
2786,Male,6
2787,Female,5
2788,Female,3
2789,Male,7
2790,Female,4
2791,Female,3
2792,Male,6
2793,Male,7
2794,Female,5
2795,Female,5
2796,Female,7
2797,Female,5
2798,Female,7
2799,Male,2
2800,Female,6
2801,Female,6
2802,Male,6
2803,Female,1
2804,Female,4
2805,Male,3
2806,Male,4
2807,Male,3
2808,Male,5
2809,Male,5
2810,Female,7
2811,Male,4
2812,Female,6
2813,Female,7
2814,Male,6
2815,Male,5
2816,Female,7
2817,Female,5
2818,Female,6
2819,Male,4
2820,Female,6
2821,Female,7
2822,Male,4
2823,Male,4
2824,Female,3
2825,Female,4
2826,Male,4
2827,Female,4
2828,Female,7
2829,Male,5
2830,Female,7
2831,Female,6
2832,Male,1
2833,Female,7
2834,Female,4
2835,Female,7
2836,Male,6
2837,Female,7
2838,Female,6
2839,Male,3
2840,Male,4
2841,Female,4
2842,Female,6
2843,Male,4
2844,Male,6
2845,Female,3
2846,Male,7
2847,Male,1
2848,Female,4
2849,Female,6
2850,Male,4
2851,Male,7
2852,Female,6
2853,Female,7
2854,Male,5
2855,Female,4
2856,Female,6
2857,Female,7
2858,Female,7
2859,Female,4
2860,Female,3
2861,Female,4
2862,Female,4
2863,Female,4
2864,Female,1
2865,Male,6
2866,Male,6
2867,Male,5
2868,Male,6
2869,Female,3
2870,Male,4
2871,Male,4
2872,Male,7
2873,Male,2
2874,Female,7
2875,Female,3
2876,Female,4
2877,Male,1
2878,Female,7
2879,Male,7
2880,Male,5
2881,Female,3
2882,Male,6
2883,Female,7
2884,Male,7
2885,Female,7
2886,Female,5
2887,Female,6
2888,Male,5
2889,Male,7
2890,Male,1
2891,Male,5
2892,Male,3
2893,Male,4
2894,Female,6
2895,Male,4
2896,Female,5
2897,Male,5
2898,Female,5
2899,Female,4
2900,Male,4
2901,Female,5
2902,Male,6
2903,Female,3
2904,Female,5
2905,Female,4
2906,Female,5
2907,Male,2
2908,Male,4
2909,Male,2
2910,Male,5
2911,Male,6
2912,Female,6
2913,Female,7
2914,Male,6
2915,Male,5
2916,Female,7
2917,Male,7
2918,Female,3
2919,Male,6
2920,Male,4
2921,Male,4
2922,Male,4
2923,Female,4
2924,Male,5
2925,Female,5
2926,Female,7
2927,Male,4
2928,Male,2
2929,Female,7
2930,Male,7
2931,Female,7
2932,Female,7
2933,Female,6
2934,Female,3
2935,Male,4
2936,Male,1
2937,Male,1
2938,Female,5
2939,Female,3
2940,Male,7
2941,Male,4
2942,Female,5
2943,Male,2
2944,Male,1
2945,Male,4
2946,Female,5
2947,Male,7
2948,Female,7
2949,Male,5
2950,Female,4
2951,Female,7
2952,Female,4
2953,Female,5
2954,Female,1
2955,Male,7
2956,Male,6
2957,Female,5
2958,Male,2
2959,Male,7
2960,Male,4
2961,Female,6
2962,Female,4
2963,Female,7
2964,Female,6
2965,Female,6
2966,Male,5
2967,Female,6
2968,Female,4
2969,Female,7
2970,Female,5
2971,Female,5
2972,Female,5
2973,Female,4
2974,Female,4
2975,Female,6
2976,Male,5
2977,Male,5
2978,Male,2
2979,Female,7
2980,Male,7
2981,Male,5
2982,Male,5
2983,Male,6
2984,Male,6
2985,Female,5
2986,Female,4
2987,Male,4
2988,Male,7
2989,Male,3
2990,Male,6
2991,Female,6
2992,Male,4
2993,Male,4
2994,Female,6
2995,Female,6
2996,Male,4
2997,Male,7
2998,Male,5
2999,Female,6
3000,Male,5
3001,Female,4
3002,Female,4
3003,Male,1
3004,Female,3
3005,Female,6
3006,Male,3
3007,Male,6
3008,Female,1
3009,Male,7
3010,Male,5
3011,Male,6
3012,Male,3
3013,Female,6
3014,Male,6
3015,Male,6
3016,Female,5
3017,Male,4
3018,Male,5
3019,Male,5
3020,Female,7
3021,Male,7
3022,Male,7
3023,Male,7
3024,Female,7
3025,Male,5
3026,Male,7
3027,Female,3
3028,Female,7
3029,Female,6
3030,Female,6
3031,Male,3
3032,Male,3
3033,Male,4
3034,Female,3
3035,Female,5
3036,Male,4
3037,Male,6
3038,Male,4
3039,Female,5
3040,Female,1
3041,Male,6
3042,Female,7
3043,Male,6
3044,Female,5
3045,Female,5
3046,Male,3
3047,Male,3
3048,Female,2
3049,Female,4
3050,Male,7
3051,Male,3
3052,Female,5
3053,Female,3
3054,Female,1
3055,Female,6
3056,Female,7
3057,Female,5
3058,Male,4
3059,Male,6
3060,Female,5
3061,Male,5
3062,Female,5
3063,Male,3
3064,Female,3
3065,Female,7
3066,Female,7
3067,Female,7
3068,Male,4
3069,Female,7
3070,Male,3
3071,Female,7
3072,Male,3
3073,Male,6
3074,Female,5
3075,Male,2
3076,Female,4
3077,Female,6
3078,Male,5
3079,Male,7
3080,Male,4
3081,Male,6
3082,Female,3
3083,Male,3
3084,Female,5
3085,Male,2
3086,Female,4
3087,Female,5
3088,Male,7
3089,Female,5
3090,Female,5
3091,Female,7
3092,Male,7
3093,Male,5
3094,Female,5
3095,Female,4
3096,Male,7
3097,Female,4
3098,Female,7
3099,Female,5
3100,Female,7
3101,Male,1
3102,Female,5
3103,Female,5
3104,Female,6
3105,Female,4
3106,Female,6
3107,Male,4
3108,Male,7
3109,Female,6
3110,Female,5
3111,Male,2
3112,Female,7
3113,Female,7
3114,Female,4
3115,Female,5
3116,Female,3
3117,Female,2
3118,Male,6
3119,Female,6
3120,Female,3
3121,Male,6
3122,Female,5
3123,Female,5
3124,Female,3
3125,Female,6
3126,Male,7
3127,Female,7
3128,Male,7
3129,Female,5
3130,Female,5
3131,Female,4
3132,Female,4
3133,Male,5
3134,Female,7
3135,Female,5
3136,Female,5
3137,Male,5
3138,Male,5
3139,Female,3
3140,Female,5
3141,Male,7
3142,Female,5
3143,Male,4
3144,Male,7
3145,Female,7
3146,Female,5
3147,Male,6
3148,Male,7
3149,Male,4
3150,Female,5
3151,Male,7
3152,Female,2
3153,Male,4
3154,Male,1
3155,Male,2
3156,Female,7
3157,Male,1
3158,Female,7
3159,Female,7
3160,Female,6
3161,Female,7
3162,Female,6
3163,Female,3
3164,Female,7
3165,Male,1
3166,Female,4
3167,Female,7
3168,Male,6
3169,Male,6
3170,Female,6
3171,Female,1
3172,Female,5
3173,Female,4
3174,Male,5
3175,Male,7
3176,Female,6
3177,Female,4
3178,Female,5
3179,Male,5
3180,Male,1
3181,Female,7
3182,Female,5
3183,Male,2
3184,Male,7
3185,Female,3
3186,Male,7
3187,Male,5
3188,Female,4
3189,Female,7
3190,Female,6
3191,Female,7
3192,Female,6
3193,Female,4
3194,Female,6
3195,Male,4
3196,Female,7
3197,Female,6
3198,Male,6
3199,Male,3
3200,Male,6
3201,Male,1
3202,Male,4
3203,Female,1
3204,Male,4
3205,Female,4
3206,Female,5
3207,Male,1
3208,Male,4
3209,Male,4
3210,Female,6
3211,Female,7
3212,Female,4
3213,Female,7
3214,Male,4
3215,Male,5
3216,Male,5
3217,Female,6
3218,Female,7
3219,Female,4
3220,Male,7
3221,Female,5
3222,Male,7
3223,Male,1
3224,Female,5
3225,Female,6
3226,Female,4
3227,Female,5
3228,Male,7
3229,Female,4
3230,Female,3
3231,Female,7
3232,Male,4
3233,Male,4
3234,Female,4
3235,Female,7
3236,Male,1
3237,Male,6
3238,Female,4
3239,Female,4
3240,Male,4
3241,Female,5
3242,Male,6
3243,Female,6
3244,Female,2
3245,Male,3
3246,Female,5
3247,Female,4
3248,Female,6
3249,Female,7
3250,Male,7
3251,Female,7
3252,Female,4
3253,Female,7
3254,Male,6
3255,Female,3
3256,Female,6
3257,Male,5
3258,Female,5
3259,Male,6
3260,Male,5
3261,Female,5
3262,Male,6
3263,Male,6
3264,Female,5
3265,Male,7
3266,Male,7
3267,Female,4
3268,Male,4
3269,Male,3
3270,Male,6
3271,Female,7
3272,Female,2
3273,Male,4
3274,Female,6
3275,Male,6
3276,Female,7
3277,Male,4
3278,Female,4
3279,Female,4
3280,Female,5
3281,Male,2
3282,Male,4
3283,Female,6
3284,Male,4
3285,Female,5
3286,Male,4
3287,Female,5
3288,Male,5
3289,Female,7
3290,Male,6
3291,Male,5
3292,Male,4
3293,Female,1
3294,Female,7
3295,Female,7
3296,Female,5
3297,Female,2
3298,Male,5
3299,Male,6
3300,Female,6
3301,Female,5
3302,Male,2
3303,Male,4
3304,Female,7
3305,Female,7
3306,Male,5
3307,Female,7
3308,Male,1
3309,Female,4
3310,Male,5
3311,Female,6
3312,Male,4
3313,Female,6
3314,Female,6
3315,Female,7
3316,Male,4
3317,Female,3
3318,Male,7
3319,Male,4
3320,Male,2
3321,Female,4
3322,Female,4
3323,Female,7
3324,Male,5
3325,Male,5
3326,Female,7
3327,Female,5
3328,Male,1
3329,Female,6
3330,Male,6
3331,Female,7
3332,Male,6
3333,Female,5
3334,Female,5
3335,Male,4
3336,Female,6
3337,Female,5
3338,Male,3
3339,Female,7
3340,Female,4
3341,Male,7
3342,Female,5
3343,Male,5
3344,Female,4
3345,Female,7
3346,Male,4
3347,Female,2
3348,Female,5
3349,Male,5
3350,Male,4
3351,Male,5
3352,Male,4
3353,Female,5
3354,Female,7
3355,Female,4
3356,Female,4
3357,Female,7
3358,Male,5
3359,Male,4
3360,Female,7
3361,Female,4
3362,Male,3
3363,Female,3
3364,Female,5
3365,Female,7
3366,Female,7
3367,Female,7
3368,Male,1
3369,Female,6
3370,Female,6
3371,Male,6
3372,Female,5
3373,Male,4
3374,Female,6
3375,Female,6
3376,Male,4
3377,Female,5
3378,Female,6
3379,Male,6
3380,Male,5
3381,Female,5
3382,Male,3
3383,Male,7
3384,Male,3
3385,Female,3
3386,Female,5
3387,Female,7
3388,Female,5
3389,Male,7
3390,Female,7
3391,Male,3
3392,Female,4
3393,Male,6
3394,Female,4
3395,Female,3
3396,Female,5
3397,Male,4
3398,Female,7
3399,Female,1
3400,Male,6
3401,Male,5
3402,Female,7
3403,Female,7
3404,Male,1
3405,Female,6
3406,Female,7
3407,Male,4
3408,Male,7
3409,Female,7
3410,Male,6
3411,Female,3
3412,Female,7
3413,Female,4
3414,Male,4
3415,Male,7
3416,Male,5
3417,Female,5
3418,Female,5
3419,Male,4
3420,Male,6
3421,Male,6
3422,Male,6
3423,Female,7
3424,Female,4
3425,Male,6
3426,Male,5
3427,Female,7
3428,Female,6
3429,Female,7
3430,Female,2
3431,Female,7
3432,Male,3
3433,Male,1
3434,Male,7
3435,Male,5
3436,Female,5
3437,Female,5
3438,Female,6
3439,Male,6
3440,Male,7
3441,Male,4
3442,Male,6
3443,Male,5
3444,Male,7
3445,Female,7
3446,Male,7
3447,Male,5
3448,Male,1
3449,Male,6
3450,Female,2
3451,Female,6
3452,Female,7
3453,Female,5
3454,Female,4
3455,Male,7
3456,Male,5
3457,Female,5
3458,Female,7
3459,Female,4
3460,Male,3
3461,Female,7
3462,Male,1
3463,Female,4
3464,Female,6
3465,Male,7
3466,Female,5
3467,Female,4
3468,Male,4
3469,Female,5
3470,Male,2
3471,Male,4
3472,Male,5
3473,Female,7
3474,Female,5
3475,Female,6
3476,Female,2
3477,Male,6
3478,Male,4
3479,Female,2
3480,Female,6
3481,Male,6
3482,Female,7
3483,Female,4
3484,Male,4
3485,Female,7
3486,Female,7
3487,Female,3
3488,Male,1
3489,Female,7
3490,Female,7
3491,Male,4
3492,Male,7
3493,Female,7
3494,Female,5
3495,Female,5
3496,Female,7
3497,Male,1
3498,Male,4
3499,Male,7
3500,Female,6
3501,Female,5
3502,Male,5
3503,Female,5
3504,Female,5
3505,Female,7
3506,Female,4
3507,Female,6
3508,Female,6
3509,Male,3
3510,Female,6
3511,Female,4
3512,Male,2
3513,Female,5
3514,Female,3
3515,Male,5
3516,Female,4
3517,Male,3
3518,Male,4
3519,Female,6
3520,Female,7
3521,Female,4
3522,Male,5
3523,Male,6
3524,Male,6
3525,Male,5
3526,Male,4
3527,Female,7
3528,Male,6
3529,Male,4
3530,Male,1
3531,Male,4
3532,Male,3
3533,Male,5
3534,Male,5
3535,Male,5
3536,Female,7
3537,Female,5
3538,Female,7
3539,Female,7
3540,Female,6
3541,Female,7
3542,Female,7
3543,Male,6
3544,Male,5
3545,Male,3
3546,Male,3
3547,Male,6
3548,Male,5
3549,Male,7
3550,Female,4
3551,Female,6
3552,Male,3
3553,Female,6
3554,Female,6
3555,Male,5
3556,Female,3
3557,Male,6
3558,Male,5
3559,Female,7
3560,Female,4
3561,Female,7
3562,Male,3
3563,Female,7
3564,Male,4
3565,Female,6
3566,Male,4
3567,Female,6
3568,Male,1
3569,Female,6
3570,Male,7
3571,Female,5
3572,Male,6
3573,Male,5
3574,Male,6
3575,Male,5
3576,Male,6
3577,Female,3
3578,Female,7
3579,Female,7
3580,Male,4
3581,Female,5
3582,Female,5
3583,Male,3
3584,Female,7
3585,Female,5
3586,Female,4
3587,Male,4
3588,Male,6
3589,Female,6
3590,Female,7
3591,Male,5
3592,Male,7
3593,Female,6
3594,Male,7
3595,Male,5
3596,Female,5
3597,Male,6
3598,Female,6
3599,Female,4
3600,Male,5
3601,Female,7
3602,Male,6
3603,Female,7
3604,Female,7
3605,Male,5
3606,Female,4
3607,Male,6
3608,Male,4
3609,Male,3
3610,Female,3
3611,Male,7
3612,Female,4
3613,Female,5
3614,Female,3
3615,Male,6
3616,Male,6
3617,Female,1
3618,Male,5
3619,Female,5
3620,Male,6
3621,Female,7
3622,Male,5
3623,Male,6
3624,Male,2
3625,Male,4
3626,Female,4
3627,Female,6
3628,Female,4
3629,Male,3
3630,Female,6
3631,Male,7
3632,Male,5
3633,Male,6
3634,Male,7
3635,Male,5
3636,Female,7
3637,Female,7
3638,Female,7
3639,Female,3
3640,Male,4
3641,Female,3
3642,Female,7
3643,Male,5
3644,Male,6
3645,Male,1
3646,Female,6
3647,Male,5
3648,Male,3
3649,Male,3
3650,Male,7
3651,Male,5
3652,Male,7
3653,Male,5
3654,Male,5
3655,Female,7
3656,Male,5
3657,Male,7
3658,Male,6
3659,Male,2
3660,Female,4
3661,Female,5
3662,Male,5
3663,Female,7
3664,Male,4
3665,Male,7
3666,Female,7
3667,Male,4
3668,Male,2
3669,Male,2
3670,Male,7
3671,Male,7
3672,Female,1
3673,Female,1
3674,Female,3
3675,Male,5
3676,Male,6
3677,Male,2
3678,Female,4
3679,Female,4
3680,Female,6
3681,Female,5
3682,Male,5
3683,Male,7
3684,Female,7
3685,Male,7
3686,Male,3
3687,Male,7
3688,Female,6
3689,Female,4
3690,Male,5
3691,Female,5
3692,Male,4
3693,Male,7
3694,Male,6
3695,Female,7
3696,Female,4
3697,Female,7
3698,Female,5
3699,Female,1
3700,Female,7
3701,Female,4
3702,Female,6
3703,Female,6
3704,Male,4
3705,Male,5
3706,Male,7
3707,Female,7
3708,Male,7
3709,Male,5
3710,Female,7
3711,Male,6
3712,Female,3
3713,Male,1
3714,Female,7
3715,Female,5
3716,Male,7
3717,Male,5
3718,Male,5
3719,Female,4
3720,Female,5
3721,Female,7
3722,Female,6
3723,Male,4
3724,Female,3
3725,Female,6
3726,Female,6
3727,Female,5
3728,Male,4
3729,Male,6
3730,Female,6
3731,Female,6
3732,Female,7
3733,Female,6
3734,Male,5
3735,Male,5
3736,Male,6
3737,Female,5
3738,Female,7
3739,Female,7
3740,Male,6
3741,Female,5
3742,Male,2
3743,Male,6
3744,Male,6
3745,Male,5
3746,Female,6
3747,Male,2
3748,Female,3
3749,Female,7
3750,Male,4
3751,Female,7
3752,Female,5
3753,Female,4
3754,Female,6
3755,Female,3
3756,Female,4
3757,Male,7
3758,Male,5
3759,Male,6
3760,Female,3
3761,Female,5
3762,Male,4
3763,Male,2
3764,Female,7
3765,Female,7
3766,Male,3
3767,Male,4
3768,Male,5
3769,Male,5
3770,Male,5
3771,Male,6
3772,Male,7
3773,Male,2
3774,Male,4
3775,Male,5
3776,Female,2
3777,Female,6
3778,Male,2
3779,Male,5
3780,Female,6
3781,Male,7
3782,Male,3
3783,Female,7
3784,Male,1
3785,Female,5
3786,Male,2
3787,Male,6
3788,Male,1
3789,Male,7
3790,Male,2
3791,Female,7
3792,Female,5
3793,Female,3
3794,Male,4
3795,Male,4
3796,Male,3
3797,Female,7
3798,Female,2
3799,Male,5
3800,Female,5
3801,Male,4
3802,Female,4
3803,Male,1
3804,Female,4
3805,Female,6
3806,Male,4
3807,Male,6
3808,Female,6
3809,Male,4
3810,Female,5
3811,Female,4
3812,Male,7
3813,Male,4
3814,Female,4
3815,Male,6
3816,Female,6
3817,Male,4
3818,Male,6
3819,Male,4
3820,Male,4
3821,Female,3
3822,Male,2
3823,Female,7
3824,Male,4
3825,Male,4
3826,Female,7
3827,Female,7
3828,Male,7
3829,Male,7
3830,Female,7
3831,Female,5
3832,Male,7
3833,Female,4
3834,Female,4
3835,Male,3
3836,Female,5
3837,Female,4
3838,Female,4
3839,Male,6
3840,Female,3
3841,Female,5
3842,Female,7
3843,Female,4
3844,Female,6
3845,Male,7
3846,Female,7
3847,Male,1
3848,Male,5
3849,Female,5
3850,Male,4
3851,Female,7
3852,Female,4
3853,Male,2
3854,Female,7
3855,Male,4
3856,Female,7
3857,Male,5
3858,Male,7
3859,Female,6
3860,Female,6
3861,Male,3
3862,Male,7
3863,Female,7
3864,Male,6
3865,Male,7
3866,Female,7
3867,Female,5
3868,Female,6
3869,Female,5
3870,Male,7
3871,Male,5
3872,Female,3
3873,Female,5
3874,Male,5
3875,Male,7
3876,Female,5
3877,Female,5
3878,Female,5
3879,Male,4
3880,Female,7
3881,Female,5
3882,Male,4
3883,Male,5
3884,Female,7
3885,Male,6
3886,Male,7
3887,Female,1
3888,Male,3
3889,Male,5
3890,Male,2
3891,Male,7
3892,Male,5
3893,Male,1
3894,Male,7
3895,Male,5
3896,Female,1
3897,Female,5
3898,Male,4
3899,Female,6
3900,Female,6
3901,Female,6
3902,Female,4
3903,Female,2
3904,Female,6
3905,Male,5
3906,Male,4
3907,Male,7
3908,Female,6
3909,Male,7
3910,Male,5
3911,Male,3
3912,Male,4
3913,Male,2
3914,Male,4
3915,Male,6
3916,Female,5
3917,Female,5
3918,Female,4
3919,Male,4
3920,Female,3
3921,Female,7
3922,Female,6
3923,Female,5
3924,Female,7
3925,Male,6
3926,Male,5
3927,Male,4
3928,Female,3
3929,Female,4
3930,Female,6
3931,Female,3
3932,Male,6
3933,Female,4
3934,Female,5
3935,Female,7
3936,Male,6
3937,Male,5
3938,Female,4
3939,Male,4
3940,Female,7
3941,Male,4
3942,Male,5
3943,Male,7
3944,Female,7
3945,Female,7
3946,Male,3
3947,Female,7
3948,Female,6
3949,Female,3
3950,Female,6
3951,Female,6
3952,Male,7
3953,Male,6
3954,Female,7
3955,Female,4
3956,Female,4
3957,Male,4
3958,Male,7
3959,Female,6
3960,Female,6
3961,Female,7
3962,Male,4
3963,Female,5
3964,Female,2
3965,Male,5
3966,Female,6
3967,Male,6
3968,Male,1
3969,Female,5
3970,Male,4
3971,Female,3
3972,Female,7
3973,Male,4
3974,Male,3
3975,Female,7
3976,Male,2
3977,Male,2
3978,Female,6
3979,Female,7
3980,Female,5
3981,Female,5
3982,Male,6
3983,Female,3
3984,Male,6
3985,Male,6
3986,Female,6
3987,Male,5
3988,Female,5
3989,Male,7
3990,Female,5
3991,Female,7
3992,Male,5
3993,Female,4
3994,Female,3
3995,Male,6
3996,Female,6
3997,Female,4
3998,Male,5
3999,Male,7
4000,Male,2
4001,Female,4
4002,Female,6
4003,Female,7
4004,Female,7
4005,Male,4
4006,Female,5
4007,Female,5
4008,Female,4
4009,Female,7
4010,Male,6
4011,Male,3
4012,Female,2
4013,Female,5
4014,Male,6
4015,Male,7
4016,Female,6
4017,Female,7
4018,Female,4
4019,Male,7
4020,Female,7
4021,Female,4
4022,Female,5
4023,Male,2
4024,Female,4
4025,Male,6
4026,Female,6
4027,Female,5
4028,Female,5
4029,Female,6
4030,Male,7
4031,Female,5
4032,Female,7
4033,Female,4
4034,Male,6
4035,Male,3
4036,Male,3
4037,Male,5
4038,Female,3
4039,Female,7
4040,Female,7
4041,Female,4
4042,Female,1
4043,Female,6
4044,Female,5
4045,Female,6
4046,Female,7
4047,Male,7
4048,Male,2
4049,Male,4
4050,Male,4
4051,Male,4
4052,Female,6
4053,Male,7
4054,Female,7
4055,Female,7
4056,Male,7
4057,Male,5
4058,Male,4
4059,Male,4
4060,Male,2
4061,Female,6
4062,Male,6
4063,Male,7
4064,Male,3
4065,Male,6
4066,Female,6
4067,Female,7
4068,Male,6
4069,Female,4
4070,Female,6
4071,Male,3
4072,Female,4
4073,Male,3
4074,Female,3
4075,Male,6
4076,Female,6
4077,Female,5
4078,Female,4
4079,Male,6
4080,Female,5
4081,Male,6
4082,Female,5
4083,Female,4
4084,Male,5
4085,Male,4
4086,Male,6
4087,Female,3
4088,Female,6
4089,Female,7
4090,Male,4
4091,Female,7
4092,Female,5
4093,Male,5
4094,Male,2
4095,Female,3
4096,Female,5
4097,Male,3
4098,Male,7
4099,Female,1
4100,Female,4
4101,Male,3
4102,Male,1
4103,Female,7
4104,Female,7
4105,Male,7
4106,Female,4
4107,Male,5
4108,Male,1
4109,Male,7
4110,Male,7
4111,Male,4
4112,Female,4
4113,Male,4
4114,Male,4
4115,Male,3
4116,Female,6
4117,Female,7
4118,Male,4
4119,Male,3
4120,Female,6
4121,Female,5
4122,Male,7
4123,Female,4
4124,Female,2
4125,Male,7
4126,Female,6
4127,Female,7
4128,Male,7
4129,Male,3
4130,Male,4
4131,Male,2
4132,Female,6
4133,Female,7
4134,Male,4
4135,Female,7
4136,Male,6
4137,Female,5
4138,Female,5
4139,Male,7
4140,Female,5
4141,Female,3
4142,Male,4
4143,Male,5
4144,Female,3
4145,Male,5
4146,Male,6
4147,Male,6
4148,Male,1
4149,Female,3
4150,Female,5
4151,Male,4
4152,Female,5
4153,Female,4
4154,Female,6
4155,Male,5
4156,Female,5
4157,Male,7
4158,Male,6
4159,Female,7
4160,Male,4
4161,Male,1
4162,Female,4
4163,Male,4
4164,Female,6
4165,Female,5
4166,Female,7
4167,Female,1
4168,Female,6
4169,Male,4
4170,Female,6
4171,Female,5
4172,Male,4
4173,Male,4
4174,Female,4
4175,Female,4
4176,Male,3
4177,Male,4
4178,Male,7
4179,Female,5
4180,Female,7
4181,Female,6
4182,Male,5
4183,Male,4
4184,Male,3
4185,Male,1
4186,Female,4
4187,Male,5
4188,Male,5
4189,Male,5
4190,Female,1
4191,Male,2
4192,Female,4
4193,Female,7
4194,Female,6
4195,Female,5
4196,Female,5
4197,Male,7
4198,Male,6
4199,Male,3
4200,Female,4
4201,Female,4
4202,Female,5
4203,Female,7
4204,Female,5
4205,Male,4
4206,Male,3
4207,Female,7
4208,Male,3
4209,Female,6
4210,Male,7
4211,Female,5
4212,Male,4
4213,Male,6
4214,Female,1
4215,Male,6
4216,Female,4
4217,Male,5
4218,Male,5
4219,Female,3
4220,Male,1
4221,Male,6
4222,Male,4
4223,Male,5
4224,Male,5
4225,Female,7
4226,Female,5
4227,Male,6
4228,,6
4229,Female,3
4230,Female,7
4231,Male,7
4232,Female,7
4233,Female,6
4234,Female,4
4235,Male,6
4236,Female,6
4237,Male,3
4238,Female,7
4239,Male,7
4240,Male,4
4241,Female,7
4242,Female,4
4243,Female,5
4244,Male,5
4245,Male,7
4246,Male,1
4247,Male,6
4248,Male,6
4249,Female,7
4250,Male,6
4251,Male,4
4252,Male,4
4253,Male,5
4254,Female,3
4255,Female,7
4256,Male,7
4257,Female,4
4258,Female,4
4259,Female,7
4260,Female,4
4261,Female,4
4262,Female,7
4263,Male,5
4264,Female,4
4265,Female,7
4266,Female,7
4267,Male,7
4268,Male,6
4269,Male,4
4270,Female,7
4271,Male,5
4272,Male,6
4273,Female,3
4274,Female,7
4275,Male,5
4276,Female,6
4277,Male,7
4278,Female,7
4279,Male,5
4280,Female,2
4281,Female,6
4282,Female,6
4283,Female,7
4284,Female,4
4285,Male,7
4286,Male,4
4287,Female,4
4288,Male,5
4289,Male,6
4290,Male,5
4291,Male,4
4292,Male,6
4293,Female,6
4294,Male,2
4295,Male,7
4296,Female,7
4297,Female,5
4298,Male,7
4299,Female,4
4300,Male,5
4301,Female,6
4302,Female,4
4303,Female,1
4304,Female,6
4305,Male,7
4306,Female,5
4307,Female,7
4308,Female,7
4309,Female,5
4310,Male,6
4311,Female,4
4312,Male,7
4313,Female,5
4314,Female,5
4315,Female,7
4316,Male,6
4317,Male,6
4318,Female,4
4319,Male,5
4320,Male,4
4321,Female,4
4322,Female,6
4323,Female,5
4324,Female,4
4325,Male,7
4326,Female,5
4327,Male,7
4328,Male,7
4329,Female,7
4330,Male,4
4331,Female,1
4332,Female,4
4333,Female,7
4334,Female,7
4335,Female,4
4336,Female,3
4337,Female,4
4338,Male,2
4339,Male,5
4340,Male,3
4341,Male,7
4342,Male,4
4343,Female,7
4344,Male,6
4345,Male,4
4346,Male,6
4347,Male,7
4348,Male,7
4349,Female,3
4350,Female,4
4351,Male,4
4352,Female,6
4353,Female,7
4354,Male,5
4355,Female,7
4356,Female,5
4357,Male,3
4358,Female,6
4359,Male,2
4360,Male,5
4361,Male,3
4362,Male,1
4363,Female,7
4364,Male,3
4365,Male,3
4366,Male,6
4367,Male,4
4368,Male,7
4369,Male,4
4370,Male,5
4371,Female,5
4372,Female,6
4373,Female,7
4374,Male,4
4375,Female,6
4376,Female,4
4377,Female,1
4378,Female,5
4379,Female,7
4380,Female,7
4381,Female,7
4382,Male,5
4383,Male,4
4384,Male,7
4385,Male,1
4386,Female,4
4387,Male,4
4388,Female,6
4389,Female,6
4390,Male,5
4391,Female,2
4392,Female,2
4393,Female,7
4394,Male,6
4395,Female,7
4396,Male,5
4397,Male,3
4398,Female,5
4399,Male,2
4400,Female,5
4401,Male,7
4402,Male,6
4403,Female,7
4404,Female,6
4405,Female,6
4406,Female,5
4407,Female,6
4408,Male,7
4409,Male,7
4410,Female,3
4411,Female,6
4412,Male,1
4413,Female,6
4414,Male,6
4415,Male,1
4416,Female,5
4417,Female,6
4418,Male,5
4419,Female,5
4420,Female,5
4421,Male,6
4422,Male,7
4423,Female,4
4424,Female,5
4425,Female,7
4426,Male,5
4427,Female,6
4428,Male,5
4429,Male,2
4430,Female,4
4431,Male,5
4432,Female,7
4433,Female,5
4434,Female,5
4435,Female,1
4436,Female,5
4437,Female,7
4438,Female,5
4439,Male,6
4440,Female,7
4441,Female,5
4442,Male,5
4443,Male,5
4444,Male,1
4445,Female,4
4446,Male,5
4447,Male,2
4448,Male,5
4449,Female,5
4450,Female,7
4451,Male,5
4452,Female,5
4453,Female,7
4454,Male,6
4455,Female,3
4456,Female,4
4457,Female,5
4458,Male,6
4459,Male,4
4460,Female,4
4461,Male,2
4462,Male,3
4463,Female,7
4464,Male,6
4465,Female,6
4466,Female,5
4467,Male,5
4468,Male,6
4469,Male,2
4470,Female,7
4471,Female,4
4472,Male,1
4473,Female,4
4474,Male,4
4475,Female,7
4476,Female,6
4477,Male,7
4478,Male,7
4479,Female,3
4480,Female,4
4481,Male,7
4482,Female,6
4483,Female,7
4484,Female,5
4485,Male,1
4486,Male,4
4487,Female,7
4488,Female,4
4489,Male,6
4490,Male,6
4491,Male,7
4492,Female,5
4493,Male,7
4494,Male,5
4495,Male,6
4496,Female,3
4497,Female,6
4498,Female,5
4499,Male,3
4500,Male,4
4501,Male,5
4502,Female,7
4503,Male,5
4504,Male,7
4505,Female,6
4506,Female,4
4507,Male,7
4508,Female,7
4509,Male,3
4510,Female,7
4511,Female,6
4512,Male,7
4513,Female,4
4514,Female,6
4515,Female,4
4516,Female,7
4517,Female,5
4518,Male,5
4519,Male,2
4520,Female,4
4521,Female,2
4522,Male,6
4523,Male,6
4524,Female,4
4525,Male,5
4526,Male,3
4527,Male,4
4528,Female,4
4529,Male,5
4530,Male,5
4531,Male,6
4532,Female,3
4533,Male,4
4534,Male,2
4535,Female,7
4536,Male,5
4537,Female,5
4538,Female,4
4539,Female,5
4540,Female,7
4541,Female,3
4542,Female,7
4543,Female,4
4544,Male,4
4545,Male,3
4546,Female,4
4547,Female,7
4548,Female,5
4549,Male,4
4550,Male,6
4551,Male,6
4552,Female,6
4553,Female,5
4554,Female,5
4555,Female,5
4556,Female,5
4557,Female,6
4558,Female,7
4559,Male,5
4560,Female,5
4561,Male,7
4562,Female,7
4563,Male,5
4564,Female,7
4565,Female,4
4566,Male,7
4567,Male,1
4568,Male,5
4569,Male,5
4570,Female,7
4571,Male,6
4572,Female,4
4573,Female,1
4574,Female,2
4575,Male,7
4576,Female,5
4577,Male,6
4578,Male,4
4579,Male,5
4580,Female,1
4581,Female,7
4582,Female,7
4583,Female,3
4584,Female,7
4585,Male,3
4586,Female,6
4587,Female,5
4588,Female,5
4589,Male,2
4590,Female,5
4591,Male,5
4592,Female,5
4593,Male,7
4594,Female,5
4595,Female,6
4596,Male,4
4597,Female,4
4598,Female,5
4599,Male,7
4600,Female,2
4601,Male,7
4602,Female,7
4603,Male,7
4604,Female,5
4605,Female,7
4606,Male,6
4607,Female,6
4608,Male,3
4609,Male,4
4610,Male,5
4611,Male,7
4612,Female,1
4613,Male,4
4614,Male,3
4615,Male,3
4616,Male,6
4617,Male,6
4618,Male,5
4619,Male,2
4620,Male,6
4621,Male,5
4622,Female,5
4623,Female,7
4624,Male,4
4625,Female,4
4626,Male,6
4627,Female,7
4628,Male,4
4629,Female,4
4630,Female,5
4631,Female,6
4632,Female,5
4633,Female,6
4634,Male,4
4635,Male,7
4636,Female,3
4637,Male,4
4638,Female,5
4639,Female,4
4640,Male,3
4641,Female,2
4642,Female,6
4643,Male,7
4644,,5
4645,Male,4
4646,Female,4
4647,Female,4
4648,Male,3
4649,Male,1
4650,Female,4
4651,Male,4
4652,Male,5
4653,Female,4
4654,Male,6
4655,Female,5
4656,Female,7
4657,Female,7
4658,Male,6
4659,Male,2
4660,Male,4
4661,Male,4
4662,Male,4
4663,Male,7
4664,Male,2
4665,Male,5
4666,Female,5
4667,Female,7
4668,Female,5
4669,Male,6
4670,Female,6
4671,Female,5
4672,Male,7
4673,Female,1
4674,Male,5
4675,Female,5
4676,Male,5
4677,Male,5
4678,Female,4
4679,Female,6
4680,Female,5
4681,Male,5
4682,Female,7
4683,Male,3
4684,Male,4
4685,Female,4
4686,Female,7
4687,Male,7
4688,Male,1
4689,Female,7
4690,Female,7
4691,Female,7
4692,Male,5
4693,Female,7
4694,Female,1
4695,Male,6
4696,Female,7
4697,Male,6
4698,Male,4
4699,Female,6
4700,Female,6
4701,Male,4
4702,Female,4
4703,Female,7
4704,Male,3
4705,Female,7
4706,Female,6
4707,Female,6
4708,Male,2
4709,Female,7
4710,Female,3
4711,Female,5
4712,Female,5
4713,Female,5
4714,Male,5
4715,Male,6
4716,Female,7
4717,Male,4
4718,Female,1
4719,Female,5
4720,Male,6
4721,Male,5
4722,Female,6
4723,Female,6
4724,Male,4
4725,Female,7
4726,Female,4
4727,Female,7
4728,Female,7
4729,Female,3
4730,Male,2
4731,Female,3
4732,Male,5
4733,Male,1
4734,Male,5
4735,Female,5
4736,Male,4
4737,Female,7
4738,Male,6
4739,Male,5
4740,Female,7
4741,Male,3
4742,Male,3
4743,Female,5
4744,Male,7
4745,Male,4
4746,Female,5
4747,Male,5
4748,Female,4
4749,Male,4
4750,Male,6
4751,Female,4
4752,Female,7
4753,Female,5
4754,Female,6
4755,Male,4
4756,Female,6
4757,Female,7
4758,Male,4
4759,Female,7
4760,Male,5
4761,Female,4
4762,Female,5
4763,Female,7
4764,Male,7
4765,Male,3
4766,Female,5
4767,Female,6
4768,Female,4
4769,Male,5
4770,Female,1
4771,Male,1
4772,Female,4
4773,Male,1
4774,Female,6
4775,Male,5
4776,Male,5
4777,Male,2
4778,Male,2
4779,Female,4
4780,Female,2
4781,Female,6
4782,Female,3
4783,Female,3
4784,Male,5
4785,Female,7
4786,Male,4
4787,Male,7
4788,Female,5
4789,Female,5
4790,Female,5
4791,Male,5
4792,Male,4
4793,Female,6
4794,Male,5
4795,Female,2
4796,Female,1
4797,Male,2
4798,Male,7
4799,Male,6
4800,Female,3
4801,Female,7
4802,Male,4
4803,Female,4
4804,Female,5
4805,Male,7
4806,Female,6
4807,Male,4
4808,Male,7
4809,Female,7
4810,Male,6
4811,Female,6
4812,Male,7
4813,Male,4
4814,Male,3
4815,Female,5
4816,Male,5
4817,Male,4
4818,Female,3
4819,Female,2
4820,Female,7
4821,Female,7
4822,Male,5
4823,Male,7
4824,Male,6
4825,Male,5
4826,Female,6
4827,Male,4
4828,Female,4
4829,Male,5
4830,Female,4
4831,Female,7
4832,Male,7
4833,Male,7
4834,Female,7
4835,Male,2
4836,Male,4
4837,Female,5
4838,Female,5
4839,Male,5
4840,Male,5
4841,Female,4
4842,Female,3
4843,Female,5
4844,Female,7
4845,Female,6
4846,Male,2
4847,Female,7
4848,Female,6
4849,Female,1
4850,Male,5
4851,Male,5
4852,Female,5
4853,Female,4
4854,Female,7
4855,Female,5
4856,Female,5
4857,Female,7
4858,Male,2
4859,Male,6
4860,Female,7
4861,Female,6
4862,Female,6
4863,Female,5
4864,Male,6
4865,Female,4
4866,Female,7
4867,Male,3
4868,Female,6
4869,Female,4
4870,Male,7
4871,Male,5
4872,Female,7
4873,Male,4
4874,Female,7
4875,Female,6
4876,Male,2
4877,Male,6
4878,Female,5
4879,Female,4
4880,Male,4
4881,Female,7
4882,Male,3
4883,Female,5
4884,Female,6
4885,Male,3
4886,Female,6
4887,Female,5
4888,Female,5
4889,Female,7
4890,Male,4
4891,Male,5
4892,Male,1
4893,Female,6
4894,Female,4
4895,Male,2
4896,Female,7
4897,Male,3
4898,Female,5
4899,Female,6
4900,Female,7
4901,Male,4
4902,Male,6
4903,Female,4
4904,Female,5
4905,Male,4
4906,Female,6
4907,Male,6
4908,Male,1
4909,Female,4
4910,Female,7
4911,Male,4
4912,Female,7
4913,Female,7
4914,Female,7
4915,Male,7
4916,Male,3
4917,Female,4
4918,Male,2
4919,Male,4
4920,Male,6
4921,Male,6
4922,Male,4
4923,Male,4
4924,Female,6
4925,Female,7
4926,Male,7
4927,Female,4
4928,Male,3
4929,Female,3
4930,Female,6
4931,Female,5
4932,Male,4
4933,Female,7
4934,Male,5
4935,Male,4
4936,Male,3
4937,Male,5
4938,Male,6
4939,Male,4
4940,Male,4
4941,Male,5
4942,Female,4
4943,Male,6
4944,Female,5
4945,Female,6
4946,Female,7
4947,Male,5
4948,Female,4
4949,Male,6
4950,Female,5
4951,Male,4
4952,Male,2
4953,Female,6
4954,Female,4
4955,Male,6
4956,Female,7
4957,Male,4
4958,Male,4
4959,Male,7
4960,Male,5
4961,Female,3
4962,Female,7
4963,Male,6
4964,Male,5
4965,Female,5
4966,Female,7
4967,Female,7
4968,Male,5
4969,Female,7
4970,Male,2
4971,Female,7
4972,Male,5
4973,Female,6
4974,Female,4
4975,Female,5
4976,Male,2
4977,Female,5
4978,Male,6
4979,Female,4
4980,Male,2
4981,Female,7
4982,Male,4
4983,Male,7
4984,Male,6
4985,Male,5
4986,Female,4
4987,Female,6
4988,Male,4
4989,Male,6
4990,Female,5
4991,Male,6
4992,Male,4
4993,Female,6
4994,Male,4
4995,Male,7
4996,Male,4
4997,Female,4
4998,Male,7
4999,Female,7
5000,Female,4
5001,Female,4
5002,Female,4
5003,Male,4
5004,Female,4
5005,Female,7
5006,Female,1
5007,Female,7
5008,Male,5
5009,Female,7
5010,Female,7
5011,Male,6
5012,Female,5
5013,Male,2
5014,Female,5
5015,Male,7
5016,Female,7
5017,Female,7
5018,Female,7
5019,Female,4
5020,Male,5
5021,Female,5
5022,Female,5
5023,Male,6
5024,Female,7
5025,Male,5
5026,Male,4
5027,Male,4
5028,Male,6
5029,Male,3
5030,Female,6
5031,Female,5
5032,Female,7
5033,Female,2
5034,Male,3
5035,Female,4
5036,Male,5
5037,Male,7
5038,Female,5
5039,Female,1
5040,Male,4
5041,Male,4
5042,Female,6
5043,Male,5
5044,Female,4
5045,Female,5
5046,Female,5
5047,Male,6
5048,Male,3
5049,Male,5
5050,Female,5
5051,Male,3
5052,Female,7
5053,Male,4
5054,Female,6
5055,Male,7
5056,Male,5
5057,Female,6
5058,Male,5
5059,Male,7
5060,Male,4
5061,Male,4
5062,Female,7
5063,Female,7
5064,Male,2
5065,Male,4
5066,Female,6
5067,Female,6
5068,Female,7
5069,Female,4
5070,Female,6
5071,Female,6
5072,Female,6
5073,Female,7
5074,Female,6
5075,Female,5
5076,Female,7
5077,Male,2
5078,Male,4
5079,Male,1
5080,Female,4
5081,Female,6
5082,Male,2
5083,Female,5
5084,Female,5
5085,Female,3
5086,Male,5
5087,Female,6
5088,Female,5
5089,Male,4
5090,Female,4
5091,Female,5
5092,Female,2
5093,Male,6
5094,Male,6
5095,Female,5
5096,Female,2
5097,Male,4
5098,Female,5
5099,Female,6
5100,Male,4
5101,Male,5
5102,Female,7
5103,Male,5
5104,Male,6
5105,Female,5
5106,Female,6
5107,Female,5
5108,Male,7
5109,Female,5
5110,Male,5
5111,Female,7
5112,Female,7
5113,Female,6
5114,Female,4
5115,Male,3
5116,Female,5
5117,Female,5
5118,Male,7
5119,Male,5
5120,Female,6
5121,Male,4
5122,Male,1
5123,Female,5
5124,Male,6
5125,Male,6
5126,Male,6
5127,Female,6
5128,Female,7
5129,Male,7
5130,Female,2
5131,Male,6
5132,Female,6
5133,Female,7
5134,Male,7
5135,Male,4
5136,Female,4
5137,Male,7
5138,Female,6
5139,Female,7
5140,Male,4
5141,Female,4
5142,Male,4
5143,Male,7
5144,Male,7
5145,Male,3
5146,Male,3
5147,Female,2
5148,Male,2
5149,Male,7
5150,Male,7
5151,Female,5
5152,Male,1
5153,Female,5
5154,Female,2
5155,Male,5
5156,Male,7
5157,Male,6
5158,Female,4
5159,Male,4
5160,Female,6
5161,Female,5
5162,Female,6
5163,Female,5
5164,Female,5
5165,Male,4
5166,Female,7
5167,Male,4
5168,Female,5
5169,Female,7
5170,Female,5
5171,Male,6
5172,Male,7
5173,Female,4
5174,Male,5
5175,Male,5
5176,Male,7
5177,Female,4
5178,Male,5
5179,Female,3
5180,Female,5
5181,Female,5
5182,Female,5
5183,Female,6
5184,Female,7
5185,Male,3
5186,Male,5
5187,Male,4
5188,Male,3
5189,Female,4
5190,Female,5
5191,Female,7
5192,Female,4
5193,Male,5
5194,Female,5
5195,Female,7
5196,Female,6
5197,Male,7
5198,Female,6
5199,Male,7
5200,Female,7
5201,Female,7
5202,Female,4
5203,Female,5
5204,Female,7
5205,Female,5
5206,Male,3
5207,Female,5
5208,Female,4
5209,Male,7
5210,Female,7
5211,Female,6
5212,Male,5
5213,Female,5
5214,Female,3
5215,Male,6
5216,Male,7
5217,Male,4
5218,Male,7
5219,Female,7
5220,Female,7
5221,Male,5
5222,Male,2
5223,Female,7
5224,Female,5
5225,Female,7
5226,Male,2
5227,Female,5
5228,Female,4
5229,Male,2
5230,Female,7
5231,Male,6
5232,Male,5
5233,Female,7
5234,Male,5
5235,Male,5
5236,Male,7
5237,Female,3
5238,Male,7
5239,Male,6
5240,Female,7
5241,Female,3
5242,Male,7
5243,Male,6
5244,Male,5
5245,Female,3
5246,Female,5
5247,Female,4
5248,Female,7
5249,Female,6
5250,Male,5
5251,Male,4
5252,Male,7
5253,Female,6
5254,Female,6
5255,Female,5
5256,Male,4
5257,Female,2
5258,Female,4
5259,Female,5
5260,Female,7
5261,Female,5
5262,Male,4
5263,Female,5
5264,Male,1
5265,Female,5
5266,Female,7
5267,Female,7
5268,Female,6
5269,Female,7
5270,Male,4
5271,Female,6
5272,Female,7
5273,Male,3
5274,Male,5
5275,Female,7
5276,Male,5
5277,Female,7
5278,Female,2
5279,Female,7
5280,Female,4
5281,Female,4
5282,Female,6
5283,Female,4
5284,Male,7
5285,Female,5
5286,Female,4
5287,Male,7
5288,Female,5
5289,Female,2
5290,Female,3
5291,Female,3
5292,Female,7
5293,Female,7
5294,Male,3
5295,Female,4
5296,Female,5
5297,Female,4
5298,Female,7
5299,Female,3
5300,Male,6
5301,Female,6
5302,Male,5
5303,Male,5
5304,Male,3
5305,Female,4
5306,Female,5
5307,Male,5
5308,Male,2
5309,Male,6
5310,Male,6
5311,Female,7
5312,Female,5
5313,Female,7
5314,Male,4
5315,Female,7
5316,Female,4
5317,Female,6
5318,Female,6
5319,Male,1
5320,Male,7
5321,Female,5
5322,Male,5
5323,Male,5
5324,Male,3
5325,Female,6
5326,Male,5
5327,Male,5
5328,Male,3
5329,Male,7
5330,Male,6
5331,Female,5
5332,Female,5
5333,Female,6
5334,Female,6
5335,Female,4
5336,Male,5
5337,Male,1
5338,Male,6
5339,Male,2
5340,Male,5
5341,Female,7
5342,Female,5
5343,Female,5
5344,Female,4
5345,Female,5
5346,Female,5
5347,Female,6
5348,Female,6
5349,Female,7
5350,Male,5
5351,Female,7
5352,Male,3
5353,Male,1
5354,Male,7
5355,Female,3
5356,Female,6
5357,Female,2
5358,Male,6
5359,Male,2
5360,Female,4
5361,Female,2
5362,Male,6
5363,Female,5
5364,Female,5
5365,Female,5
5366,Female,1
5367,Male,4
5368,Female,7
5369,Female,3
5370,Female,6
5371,Male,7
5372,Male,4
5373,Female,7
5374,Male,7
5375,Female,3
5376,Male,6
5377,Female,4
5378,Female,4
5379,Female,4
5380,Female,7
5381,Female,6
5382,Male,3
5383,Female,7
5384,Male,6
5385,Male,6
5386,Female,4
5387,Female,2
5388,Male,5
5389,Male,6
5390,Female,7
5391,Female,5
5392,Female,4
5393,Female,7
5394,Male,5
5395,Male,5
5396,Male,5
5397,Male,6
5398,Male,4
5399,Male,1
5400,Female,4
5401,Female,5
5402,Female,3
5403,Female,6
5404,Male,4
5405,Female,5
5406,Female,4
5407,Male,4
5408,Male,7
5409,Female,7
5410,,5
5411,Female,7
5412,Male,6
5413,Male,4
5414,Male,4
5415,Male,7
5416,Male,4
5417,Male,5
5418,Male,4
5419,Male,7
5420,Male,6
5421,Male,4
5422,Female,6
5423,Female,2
5424,Female,6
5425,Male,7
5426,Male,3
5427,Male,7
5428,Male,3
5429,Male,7
5430,Male,5
5431,Male,1
5432,Male,4
5433,Male,4
5434,Male,6
5435,Male,5
5436,Female,7
5437,Female,7
5438,Female,7
5439,Male,4
5440,Male,3
5441,Male,3
5442,Female,7
5443,Female,7
5444,Female,4
5445,Female,5
5446,Female,3
5447,Female,5
5448,Female,7
5449,Male,6
5450,Female,5
5451,Female,7
5452,Female,6
5453,Male,3
5454,Female,7
5455,Male,5
5456,Female,7
5457,Female,4
5458,Male,4
5459,Male,6
5460,Female,7
5461,Female,4
5462,Male,4
5463,Male,6
5464,Female,6
5465,Female,6
5466,Male,6
5467,Female,7
5468,Male,1
5469,Male,2
5470,Male,6
5471,Male,2
5472,Female,7
5473,Male,7
5474,Female,4
5475,Female,5
5476,Male,1
5477,Male,5
5478,Female,5
5479,Female,5
5480,Female,5
5481,Female,5
5482,Female,5
5483,Female,2
5484,Female,4
5485,Male,5
5486,Male,1
5487,Male,7
5488,Male,6
5489,Female,7
5490,Female,5
5491,Male,6
5492,Female,7
5493,Female,2
5494,Male,4
5495,Female,4
5496,Female,3
5497,Female,1
5498,Male,3
5499,Male,5
5500,Female,6
5501,Female,5
5502,Female,6
5503,Male,2
5504,Female,7
5505,Male,7
5506,Male,4
5507,Male,3
5508,Female,1
5509,Female,6
5510,Female,7
5511,Male,3
5512,Male,6
5513,Female,7
5514,Female,7
5515,Female,7
5516,Female,5
5517,Male,4
5518,Male,4
5519,Female,6
5520,Male,5
5521,Male,2
5522,Male,4
5523,Female,6
5524,Female,6
5525,Female,3
5526,Male,5
5527,Male,2
5528,Female,3
5529,Female,3
5530,Male,4
5531,Male,6
5532,Female,7
5533,Female,6
5534,Female,7
5535,Male,3
5536,Male,4
5537,Female,5
5538,Female,4
5539,Female,7
5540,Male,6
5541,Female,4
5542,Male,5
5543,Female,7
5544,Female,7
5545,Female,6
5546,Female,4
5547,Female,4
5548,Female,4
5549,Female,7
5550,Female,2
5551,Female,3
5552,Female,5
5553,Female,6
5554,Female,5
5555,Female,6
5556,Female,4
5557,Female,6
5558,Female,4
5559,Male,6
5560,Male,5
5561,Male,1
5562,Male,5
5563,Male,5
5564,Male,7
5565,Female,7
5566,Male,4
5567,Male,4
5568,Male,5
5569,Female,6
5570,Female,5
5571,Male,4
5572,Female,7
5573,Male,6
5574,Male,3
5575,Male,4
5576,Male,4
5577,Female,4
5578,Female,7
5579,Female,7
5580,Female,7
5581,Female,6
5582,Male,5
5583,Male,3
5584,Male,6
5585,Female,4
5586,Male,5
5587,Male,2
5588,Female,4
5589,Female,6
5590,Female,5
5591,Female,7
5592,Male,3
5593,Female,5
5594,Female,7
5595,Male,1
5596,Female,2
5597,Female,6
5598,Male,3
5599,Male,1
5600,Male,7
5601,Male,4
5602,Female,5
5603,Male,4
5604,Male,5
5605,Female,6
5606,Female,6
5607,Male,6
5608,Male,6
5609,Female,6
5610,Female,7
5611,Female,4
5612,Female,2
5613,Female,6
5614,Male,5
5615,Female,6
5616,Female,7
5617,Male,4
5618,Female,6
5619,Male,4
5620,Male,7
5621,Male,6
5622,Male,6
5623,Male,7
5624,Male,2
5625,Male,5
5626,Male,1
5627,Male,6
5628,Female,3
5629,Male,7
5630,Female,7
5631,Female,5
5632,Female,5
5633,Male,6
5634,Female,6
5635,Female,6
5636,Male,4
5637,Male,7
5638,Female,4
5639,Female,5
5640,Female,6
5641,Male,5
5642,Female,7
5643,Male,7
5644,Male,4
5645,Female,5
5646,Female,6
5647,Male,3
5648,Female,5
5649,Female,4
5650,Female,5
5651,Female,7
5652,Female,7
5653,Male,5
5654,Male,4
5655,Male,1
5656,Male,3
5657,Female,7
5658,Female,4
5659,Male,6
5660,Male,2
5661,Male,3
5662,Male,6
5663,Female,7
5664,Male,3
5665,Male,1
5666,Female,6
5667,Female,3
5668,Male,1
5669,Male,5
5670,Male,4
5671,Female,5
5672,Female,7
5673,Male,5
5674,Female,1
5675,Male,3
5676,Male,4
5677,Female,2
5678,Male,1
5679,Male,4
5680,Male,7
5681,Male,4
5682,Female,5
5683,Male,4
5684,Female,7
5685,Female,6
5686,Male,5
5687,Male,3
5688,Male,6
5689,Male,5
5690,Female,1
5691,Male,3
5692,Female,4
5693,Female,7
5694,Male,5
5695,Male,6
5696,Female,7
5697,Male,6
5698,Male,6
5699,Male,2
5700,Male,1
5701,Female,6
5702,Female,7
5703,Female,4
5704,Female,4
5705,Female,4
5706,Male,5
5707,Female,6
5708,Male,4
5709,Male,3
5710,Male,6
5711,Female,5
5712,Male,3
5713,Female,6
5714,Male,7
5715,Female,5
5716,Male,5
5717,Female,3
5718,Male,4
5719,Female,2
5720,Male,2
5721,Male,7
5722,Female,7
5723,Female,6
5724,Female,7
5725,Female,6
5726,Female,4
5727,Male,7
5728,Male,1
5729,Female,6
5730,Female,7
5731,Male,6
5732,Female,5
5733,Female,7
5734,Male,5
5735,Female,7
5736,Female,7
5737,Female,5
5738,Female,7
5739,Female,1
5740,Male,7
5741,Female,6
5742,Female,6
5743,Male,3
5744,Female,7
5745,Male,4
5746,Male,7
5747,Female,4
5748,Female,5
